name,address,category,notes
Place 0,"100 Telegraph Ave, Berkeley, CA",food,
Place 1,"101 Telegraph Ave, Berkeley, CA",reading,
Place 2,"102 Telegraph Ave, Berkeley, CA",food,
Place 3,"103 Telegraph Ave, Berkeley, CA",reading,
Place 4,"104 Telegraph Ave, Berkeley, CA",food,
Place 5,"105 Telegraph Ave, Berkeley, CA",reading,
Place 6,"106 Telegraph Ave, Berkeley, CA",food,
Place 7,"107 Telegraph Ave, Berkeley, CA",reading,
Place 8,"108 Telegraph Ave, Berkeley, CA",food,
Place 9,"109 Telegraph Ave, Berkeley, CA",reading,
