NAME,population,median_household_income,state,county,tract
Census Tract 4001; Alameda County; California,3094,250001,06,001,400100
Census Tract 4002; Alameda County; California,2093,225880,06,001,400200
Census Tract 4003; Alameda County; California,5727,157731,06,001,400300
Census Tract 4004; Alameda County; California,4395,159612,06,001,400400
Census Tract 4005; Alameda County; California,3822,96250,06,001,400500
Census Tract 4006; Alameda County; California,1957,134583,06,001,400600
Census Tract 4007; Alameda County; California,4404,111302,06,001,400700
Census Tract 4008; Alameda County; California,4583,129844,06,001,400800
Census Tract 4009; Alameda County; California,2752,111131,06,001,400900
Census Tract 4010; Alameda County; California,6529,131845,06,001,401000
Census Tract 4011; Alameda County; California,5627,95479,06,001,401100
Census Tract 4012; Alameda County; California,3068,117593,06,001,401200
Census Tract 4013; Alameda County; California,4368,105556,06,001,401300
Census Tract 4014; Alameda County; California,4876,87208,06,001,401400
Census Tract 4015; Alameda County; California,2827,62744,06,001,401500
Census Tract 4016; Alameda County; California,2617,135234,06,001,401600
Census Tract 4017; Alameda County; California,3519,146840,06,001,401700
Census Tract 4018; Alameda County; California,1816,69500,06,001,401800
Census Tract 4022; Alameda County; California,2385,111364,06,001,402200
Census Tract 4024; Alameda County; California,2727,42078,06,001,402400
Census Tract 4025; Alameda County; California,1877,-666666666,06,001,402500
Census Tract 4026; Alameda County; California,1255,48362,06,001,402600
Census Tract 4027; Alameda County; California,2056,97250,06,001,402700
Census Tract 4028.01; Alameda County; California,2911,42546,06,001,402801
Census Tract 4028.02; Alameda County; California,1527,18552,06,001,402802
Census Tract 4029; Alameda County; California,2111,41094,06,001,402900
Census Tract 4030; Alameda County; California,3125,50966,06,001,403000
Census Tract 4031; Alameda County; California,2174,154095,06,001,403100
Census Tract 4033.01; Alameda County; California,1807,35694,06,001,403301
Census Tract 4033.02; Alameda County; California,2687,142114,06,001,403302
Census Tract 4034.01; Alameda County; California,2641,71979,06,001,403401
Census Tract 4034.02; Alameda County; California,955,91731,06,001,403402
Census Tract 4035.01; Alameda County; California,5421,123981,06,001,403501
Census Tract 4035.02; Alameda County; California,1885,95556,06,001,403502
Census Tract 4036; Alameda County; California,4902,105588,06,001,403600
Census Tract 4037.01; Alameda County; California,2875,91030,06,001,403701
Census Tract 4037.02; Alameda County; California,2264,120795,06,001,403702
Census Tract 4038; Alameda County; California,3996,153750,06,001,403800
Census Tract 4039; Alameda County; California,3864,104342,06,001,403900
Census Tract 4040; Alameda County; California,2984,104919,06,001,404000
Census Tract 4041.01; Alameda County; California,3155,123508,06,001,404101
Census Tract 4041.02; Alameda County; California,2623,108750,06,001,404102
Census Tract 4042; Alameda County; California,3584,246193,06,001,404200
Census Tract 4043; Alameda County; California,3510,215972,06,001,404300
Census Tract 4044; Alameda County; California,5657,218272,06,001,404400
Census Tract 4045.01; Alameda County; California,1830,239271,06,001,404501
Census Tract 4045.02; Alameda County; California,6038,246431,06,001,404502
Census Tract 4046; Alameda County; California,4767,226838,06,001,404600
Census Tract 4047; Alameda County; California,2223,250001,06,001,404700
Census Tract 4048; Alameda County; California,2622,97813,06,001,404800
Census Tract 4049; Alameda County; California,4798,131921,06,001,404900
Census Tract 4050; Alameda County; California,3670,146932,06,001,405000
Census Tract 4051; Alameda County; California,4451,250001,06,001,405100
Census Tract 4052; Alameda County; California,4916,107298,06,001,405200
Census Tract 4053.01; Alameda County; California,2934,113299,06,001,405301
Census Tract 4053.02; Alameda County; California,2560,63906,06,001,405302
Census Tract 4054.01; Alameda County; California,3733,73179,06,001,405401
Census Tract 4054.02; Alameda County; California,3325,52738,06,001,405402
Census Tract 4055; Alameda County; California,3574,82740,06,001,405500
Census Tract 4056; Alameda County; California,3153,86250,06,001,405600
Census Tract 4057; Alameda County; California,3553,77372,06,001,405700
Census Tract 4058; Alameda County; California,4329,68859,06,001,405800
Census Tract 4059.01; Alameda County; California,4206,62543,06,001,405901
Census Tract 4059.02; Alameda County; California,2994,70536,06,001,405902
Census Tract 4060; Alameda County; California,4638,58197,06,001,406000
Census Tract 4061; Alameda County; California,5379,67373,06,001,406100
Census Tract 4062.01; Alameda County; California,5191,66518,06,001,406201
Census Tract 4062.02; Alameda County; California,4958,51958,06,001,406202
Census Tract 4063; Alameda County; California,4529,59722,06,001,406300
Census Tract 4064; Alameda County; California,2456,67708,06,001,406400
Census Tract 4065; Alameda County; California,6405,71167,06,001,406500
Census Tract 4066.01; Alameda County; California,4476,72208,06,001,406601
Census Tract 4066.02; Alameda County; California,2638,73214,06,001,406602
Census Tract 4067; Alameda County; California,5718,148007,06,001,406700
Census Tract 4068; Alameda County; California,3905,122525,06,001,406800
Census Tract 4069; Alameda County; California,4535,150949,06,001,406900
Census Tract 4070; Alameda County; California,6315,81959,06,001,407000
Census Tract 4071.01; Alameda County; California,3547,65144,06,001,407101
Census Tract 4071.02; Alameda County; California,4464,85375,06,001,407102
Census Tract 4072; Alameda County; California,6483,67008,06,001,407200
Census Tract 4073; Alameda County; California,2401,82639,06,001,407300
Census Tract 4074; Alameda County; California,4268,51944,06,001,407400
Census Tract 4075; Alameda County; California,3687,49643,06,001,407500
Census Tract 4076; Alameda County; California,6793,87599,06,001,407600
Census Tract 4077; Alameda County; California,4261,123107,06,001,407700
Census Tract 4078; Alameda County; California,2710,119188,06,001,407800
Census Tract 4079; Alameda County; California,3101,115500,06,001,407900
Census Tract 4080; Alameda County; California,2767,207750,06,001,408000
Census Tract 4081; Alameda County; California,7552,182083,06,001,408100
Census Tract 4082; Alameda County; California,4743,84496,06,001,408200
Census Tract 4083; Alameda County; California,4555,123939,06,001,408300
Census Tract 4084; Alameda County; California,4098,74801,06,001,408400
Census Tract 4085; Alameda County; California,5540,87292,06,001,408500
Census Tract 4086; Alameda County; California,6364,76375,06,001,408600
Census Tract 4087; Alameda County; California,7411,46786,06,001,408700
Census Tract 4088; Alameda County; California,7045,40981,06,001,408800
Census Tract 4089; Alameda County; California,4240,45045,06,001,408900
Census Tract 4090; Alameda County; California,4914,77284,06,001,409000
Census Tract 4091; Alameda County; California,2388,72697,06,001,409100
Census Tract 4092; Alameda County; California,3832,77339,06,001,409200
Census Tract 4093; Alameda County; California,5577,66288,06,001,409300
Census Tract 4094; Alameda County; California,5032,86286,06,001,409400
Census Tract 4095; Alameda County; California,4502,46750,06,001,409500
Census Tract 4096; Alameda County; California,5313,58750,06,001,409600
Census Tract 4097; Alameda County; California,5061,40870,06,001,409700
Census Tract 4098; Alameda County; California,3405,104125,06,001,409800
Census Tract 4099; Alameda County; California,3904,190813,06,001,409900
Census Tract 4100; Alameda County; California,3053,196500,06,001,410000
Census Tract 4101; Alameda County; California,2893,90388,06,001,410100
Census Tract 4102; Alameda County; California,3545,79675,06,001,410200
Census Tract 4103; Alameda County; California,3967,44167,06,001,410300
Census Tract 4104; Alameda County; California,4633,115268,06,001,410400
Census Tract 4105; Alameda County; California,3056,59402,06,001,410500
Census Tract 4201; Alameda County; California,2656,204352,06,001,420100
Census Tract 4202; Alameda County; California,3225,159563,06,001,420200
Census Tract 4203.01; Alameda County; California,2466,122578,06,001,420301
Census Tract 4203.02; Alameda County; California,2381,125486,06,001,420302
Census Tract 4204.01; Alameda County; California,1438,77083,06,001,420401
Census Tract 4204.02; Alameda County; California,1607,92000,06,001,420402
Census Tract 4205; Alameda County; California,2474,137000,06,001,420500
Census Tract 4206; Alameda County; California,3521,181678,06,001,420600
Census Tract 4211; Alameda County; California,2127,244276,06,001,421100
Census Tract 4212; Alameda County; California,3503,250001,06,001,421200
Census Tract 4213; Alameda County; California,4041,128125,06,001,421300
Census Tract 4214; Alameda County; California,1770,235000,06,001,421400
Census Tract 4215; Alameda County; California,4122,222321,06,001,421500
Census Tract 4216; Alameda County; California,3896,228547,06,001,421600
Census Tract 4217; Alameda County; California,3427,114725,06,001,421700
Census Tract 4218; Alameda County; California,2193,179868,06,001,421800
Census Tract 4219; Alameda County; California,4109,162143,06,001,421900
Census Tract 4220; Alameda County; California,2346,137841,06,001,422000
Census Tract 4221; Alameda County; California,3103,135000,06,001,422100
Census Tract 4222; Alameda County; California,3239,108523,06,001,422200
Census Tract 4223; Alameda County; California,3626,113257,06,001,422300
Census Tract 4224; Alameda County; California,3970,86250,06,001,422400
Census Tract 4225; Alameda County; California,4546,49286,06,001,422500
Census Tract 4227; Alameda County; California,5015,-666666666,06,001,422700
Census Tract 4228; Alameda County; California,9183,30833,06,001,422800
Census Tract 4229.01; Alameda County; California,1889,41902,06,001,422901
Census Tract 4229.02; Alameda County; California,2370,65285,06,001,422902
Census Tract 4230; Alameda County; California,4526,81759,06,001,423000
Census Tract 4231; Alameda County; California,4187,59643,06,001,423100
Census Tract 4232; Alameda County; California,2874,74861,06,001,423200
Census Tract 4233; Alameda County; California,3438,95927,06,001,423300
Census Tract 4234; Alameda County; California,5581,121122,06,001,423400
Census Tract 4235; Alameda County; California,3537,106964,06,001,423500
Census Tract 4236.01; Alameda County; California,2717,162386,06,001,423601
Census Tract 4236.02; Alameda County; California,6739,60625,06,001,423602
Census Tract 4237; Alameda County; California,3537,102566,06,001,423700
Census Tract 4238; Alameda County; California,3460,190625,06,001,423800
Census Tract 4239.01; Alameda County; California,2205,94563,06,001,423901
Census Tract 4239.02; Alameda County; California,1541,142206,06,001,423902
Census Tract 4240.01; Alameda County; California,3716,88018,06,001,424001
Census Tract 4240.02; Alameda County; California,2591,102826,06,001,424002
Census Tract 4251.01; Alameda County; California,1677,84680,06,001,425101
Census Tract 4251.02; Alameda County; California,3901,130555,06,001,425102
Census Tract 4251.03; Alameda County; California,3108,117688,06,001,425103
Census Tract 4251.04; Alameda County; California,4070,124043,06,001,425104
Census Tract 4261; Alameda County; California,6160,250001,06,001,426100
Census Tract 4262; Alameda County; California,4852,250001,06,001,426200
Census Tract 4271; Alameda County; California,4146,206118,06,001,427100
Census Tract 4272; Alameda County; California,4371,107535,06,001,427200
Census Tract 4273; Alameda County; California,5357,136681,06,001,427300
Census Tract 4276; Alameda County; California,4839,95691,06,001,427600
Census Tract 4277; Alameda County; California,4883,103333,06,001,427700
Census Tract 4278; Alameda County; California,4397,148542,06,001,427800
Census Tract 4279; Alameda County; California,4764,105836,06,001,427900
Census Tract 4280; Alameda County; California,2969,99956,06,001,428000
Census Tract 4281; Alameda County; California,4661,162350,06,001,428100
Census Tract 4282; Alameda County; California,6449,105398,06,001,428200
Census Tract 4283.01; Alameda County; California,6832,188419,06,001,428301
Census Tract 4283.02; Alameda County; California,6527,206780,06,001,428302
Census Tract 4284; Alameda County; California,4870,107083,06,001,428400
Census Tract 4285; Alameda County; California,3417,143529,06,001,428500
Census Tract 4286; Alameda County; California,3283,125446,06,001,428600
Census Tract 4287; Alameda County; California,5111,137292,06,001,428700
Census Tract 4301.01; Alameda County; California,6501,211029,06,001,430101
Census Tract 4301.02; Alameda County; California,2434,185956,06,001,430102
Census Tract 4302; Alameda County; California,7403,181250,06,001,430200
Census Tract 4303; Alameda County; California,4094,168750,06,001,430300
Census Tract 4304; Alameda County; California,2148,208929,06,001,430400
Census Tract 4305; Alameda County; California,6087,92139,06,001,430500
Census Tract 4306; Alameda County; California,6786,179605,06,001,430600
Census Tract 4307; Alameda County; California,3905,131250,06,001,430700
Census Tract 4308; Alameda County; California,5796,101784,06,001,430800
Census Tract 4309; Alameda County; California,5474,119028,06,001,430900
Census Tract 4310; Alameda County; California,3143,96250,06,001,431000
Census Tract 4311; Alameda County; California,3538,105329,06,001,431100
Census Tract 4312; Alameda County; California,5572,104646,06,001,431200
Census Tract 4321; Alameda County; California,3828,183735,06,001,432100
Census Tract 4322; Alameda County; California,3940,92702,06,001,432200
Census Tract 4323; Alameda County; California,4781,156531,06,001,432300
Census Tract 4324; Alameda County; California,6332,96500,06,001,432400
Census Tract 4325.01; Alameda County; California,4852,123232,06,001,432501
Census Tract 4325.02; Alameda County; California,5111,112483,06,001,432502
Census Tract 4326.01; Alameda County; California,4267,89630,06,001,432601
Census Tract 4326.02; Alameda County; California,3109,98571,06,001,432602
Census Tract 4327; Alameda County; California,2654,96481,06,001,432700
Census Tract 4328; Alameda County; California,4037,130202,06,001,432800
Census Tract 4330; Alameda County; California,3674,102118,06,001,433000
Census Tract 4331.02; Alameda County; California,4064,102703,06,001,433102
Census Tract 4331.03; Alameda County; California,3460,64615,06,001,433103
Census Tract 4331.04; Alameda County; California,4584,78603,06,001,433104
Census Tract 4332; Alameda County; California,8135,84818,06,001,433200
Census Tract 4333; Alameda County; California,7265,102823,06,001,433300
Census Tract 4334; Alameda County; California,5824,127601,06,001,433400
Census Tract 4335; Alameda County; California,4084,75319,06,001,433500
Census Tract 4336; Alameda County; California,5871,82457,06,001,433600
Census Tract 4337; Alameda County; California,3206,84813,06,001,433700
Census Tract 4338.01; Alameda County; California,3290,97155,06,001,433801
Census Tract 4338.02; Alameda County; California,4084,104289,06,001,433802
Census Tract 4339; Alameda County; California,6850,80148,06,001,433900
Census Tract 4340; Alameda County; California,5378,55962,06,001,434000
Census Tract 4351.02; Alameda County; California,5595,129191,06,001,435102
Census Tract 4351.03; Alameda County; California,7325,184875,06,001,435103
Census Tract 4351.04; Alameda County; California,6615,119681,06,001,435104
Census Tract 4352; Alameda County; California,4530,129375,06,001,435200
Census Tract 4353; Alameda County; California,4909,114484,06,001,435300
Census Tract 4354; Alameda County; California,5077,83310,06,001,435400
Census Tract 4355; Alameda County; California,4023,81275,06,001,435500
Census Tract 4356.01; Alameda County; California,4813,80325,06,001,435601
Census Tract 4356.02; Alameda County; California,5506,88273,06,001,435602
Census Tract 4357; Alameda County; California,4913,100610,06,001,435700
Census Tract 4358; Alameda County; California,5802,106860,06,001,435800
Census Tract 4359; Alameda County; California,5138,117841,06,001,435900
Census Tract 4360; Alameda County; California,4932,116087,06,001,436000
Census Tract 4361; Alameda County; California,5991,119706,06,001,436100
Census Tract 4362; Alameda County; California,4060,78125,06,001,436200
Census Tract 4363.01; Alameda County; California,5275,192837,06,001,436301
Census Tract 4363.02; Alameda County; California,3766,94112,06,001,436302
Census Tract 4364.02; Alameda County; California,2754,173882,06,001,436402
Census Tract 4364.03; Alameda County; California,4403,103750,06,001,436403
Census Tract 4364.04; Alameda County; California,3216,153333,06,001,436404
Census Tract 4365; Alameda County; California,5010,86952,06,001,436500
Census Tract 4366.01; Alameda County; California,6554,80095,06,001,436601
Census Tract 4366.02; Alameda County; California,5250,103178,06,001,436602
Census Tract 4367; Alameda County; California,3533,123705,06,001,436700
Census Tract 4368; Alameda County; California,4244,108867,06,001,436800
Census Tract 4369; Alameda County; California,6766,107545,06,001,436900
Census Tract 4370; Alameda County; California,3617,109583,06,001,437000
Census Tract 4371.01; Alameda County; California,7458,162303,06,001,437101
Census Tract 4371.02; Alameda County; California,4018,81914,06,001,437102
Census Tract 4372; Alameda County; California,8975,105606,06,001,437200
Census Tract 4373; Alameda County; California,3031,62201,06,001,437300
Census Tract 4374; Alameda County; California,3609,100096,06,001,437400
Census Tract 4375; Alameda County; California,4663,96250,06,001,437500
Census Tract 4376; Alameda County; California,3385,107188,06,001,437600
Census Tract 4377.01; Alameda County; California,3729,72159,06,001,437701
Census Tract 4377.02; Alameda County; California,4027,100268,06,001,437702
Census Tract 4378; Alameda County; California,5107,150980,06,001,437800
Census Tract 4379; Alameda County; California,2283,93490,06,001,437900
Census Tract 4380; Alameda County; California,3676,137418,06,001,438000
Census Tract 4381; Alameda County; California,7541,154208,06,001,438100
Census Tract 4382.01; Alameda County; California,4671,107500,06,001,438201
Census Tract 4382.03; Alameda County; California,4073,129113,06,001,438203
Census Tract 4382.04; Alameda County; California,5745,100000,06,001,438204
Census Tract 4383; Alameda County; California,3849,142500,06,001,438300
Census Tract 4384; Alameda County; California,2741,107171,06,001,438400
Census Tract 4401; Alameda County; California,2423,104861,06,001,440100
Census Tract 4402; Alameda County; California,5368,125129,06,001,440200
Census Tract 4403.01; Alameda County; California,6812,123102,06,001,440301
Census Tract 4403.04; Alameda County; California,4391,142675,06,001,440304
Census Tract 4403.05; Alameda County; California,4021,159583,06,001,440305
Census Tract 4403.06; Alameda County; California,3706,112723,06,001,440306
Census Tract 4403.07; Alameda County; California,4449,102500,06,001,440307
Census Tract 4403.08; Alameda County; California,6303,113750,06,001,440308
Census Tract 4403.31; Alameda County; California,3373,132500,06,001,440331
Census Tract 4403.32; Alameda County; California,3102,180234,06,001,440332
Census Tract 4403.33; Alameda County; California,2516,127708,06,001,440333
Census Tract 4403.34; Alameda County; California,3902,163663,06,001,440334
Census Tract 4403.36; Alameda County; California,4554,156579,06,001,440336
Census Tract 4403.37; Alameda County; California,2720,250001,06,001,440337
Census Tract 4403.38; Alameda County; California,3858,132250,06,001,440338
Census Tract 4411; Alameda County; California,4584,175159,06,001,441100
Census Tract 4412; Alameda County; California,7151,168722,06,001,441200
Census Tract 4413.01; Alameda County; California,3338,167845,06,001,441301
Census Tract 4413.02; Alameda County; California,5882,210580,06,001,441302
Census Tract 4414.01; Alameda County; California,7667,186000,06,001,441401
Census Tract 4414.02; Alameda County; California,5231,189806,06,001,441402
Census Tract 4415.01; Alameda County; California,5496,200781,06,001,441501
Census Tract 4415.03; Alameda County; California,7528,240658,06,001,441503
Census Tract 4415.21; Alameda County; California,6045,211406,06,001,441521
Census Tract 4415.22; Alameda County; California,5131,178438,06,001,441522
Census Tract 4415.23; Alameda County; California,4032,188679,06,001,441523
Census Tract 4415.24; Alameda County; California,3989,250001,06,001,441524
Census Tract 4415.25; Alameda County; California,2362,212344,06,001,441525
Census Tract 4416.01; Alameda County; California,4418,185208,06,001,441601
Census Tract 4416.02; Alameda County; California,7280,131141,06,001,441602
Census Tract 4417.01; Alameda County; California,3645,100444,06,001,441701
Census Tract 4417.02; Alameda County; California,5108,97813,06,001,441702
Census Tract 4418; Alameda County; California,6611,180354,06,001,441800
Census Tract 4419.21; Alameda County; California,3779,153089,06,001,441921
Census Tract 4419.23; Alameda County; California,5762,130038,06,001,441923
Census Tract 4419.24; Alameda County; California,7540,191306,06,001,441924
Census Tract 4419.26; Alameda County; California,4307,113510,06,001,441926
Census Tract 4419.27; Alameda County; California,4316,152381,06,001,441927
Census Tract 4419.28; Alameda County; California,4015,171132,06,001,441928
Census Tract 4419.29; Alameda County; California,3175,142188,06,001,441929
Census Tract 4420; Alameda County; California,3122,214554,06,001,442000
Census Tract 4421; Alameda County; California,5279,238830,06,001,442100
Census Tract 4422; Alameda County; California,7451,249917,06,001,442200
Census Tract 4423.01; Alameda County; California,4931,136573,06,001,442301
Census Tract 4423.02; Alameda County; California,6164,133850,06,001,442302
Census Tract 4424; Alameda County; California,6362,138359,06,001,442400
Census Tract 4425.01; Alameda County; California,3287,101864,06,001,442501
Census Tract 4425.02; Alameda County; California,3731,138750,06,001,442502
Census Tract 4426.01; Alameda County; California,3936,168750,06,001,442601
Census Tract 4426.02; Alameda County; California,4779,143393,06,001,442602
Census Tract 4427; Alameda County; California,2998,199154,06,001,442700
Census Tract 4428; Alameda County; California,3087,180800,06,001,442800
Census Tract 4429; Alameda County; California,7942,169947,06,001,442900
Census Tract 4430.01; Alameda County; California,2721,154178,06,001,443001
Census Tract 4430.02; Alameda County; California,6915,141696,06,001,443002
Census Tract 4431.02; Alameda County; California,4657,250001,06,001,443102
Census Tract 4431.03; Alameda County; California,4107,250001,06,001,443103
Census Tract 4431.04; Alameda County; California,5301,200324,06,001,443104
Census Tract 4431.05; Alameda County; California,4616,240031,06,001,443105
Census Tract 4432; Alameda County; California,3451,250001,06,001,443200
Census Tract 4433.01; Alameda County; California,4178,250001,06,001,443301
Census Tract 4433.21; Alameda County; California,3323,148750,06,001,443321
Census Tract 4433.22; Alameda County; California,3284,232679,06,001,443322
Census Tract 4441; Alameda County; California,7198,163367,06,001,444100
Census Tract 4442; Alameda County; California,6271,137773,06,001,444200
Census Tract 4443.01; Alameda County; California,3774,200865,06,001,444301
Census Tract 4443.03; Alameda County; California,0,-666666666,06,001,444303
Census Tract 4443.04; Alameda County; California,6809,224511,06,001,444304
Census Tract 4444; Alameda County; California,5174,103565,06,001,444400
Census Tract 4445; Alameda County; California,7024,160398,06,001,444500
Census Tract 4446.01; Alameda County; California,6005,225543,06,001,444601
Census Tract 4446.02; Alameda County; California,4890,205000,06,001,444602
Census Tract 4501.01; Alameda County; California,6725,143246,06,001,450101
Census Tract 4501.02; Alameda County; California,7880,232292,06,001,450102
Census Tract 4502; Alameda County; California,5809,118077,06,001,450200
Census Tract 4503; Alameda County; California,4967,147875,06,001,450300
Census Tract 4504; Alameda County; California,7676,170184,06,001,450400
Census Tract 4505.01; Alameda County; California,3310,200475,06,001,450501
Census Tract 4505.02; Alameda County; California,6066,225290,06,001,450502
Census Tract 4506.01; Alameda County; California,3631,217788,06,001,450601
Census Tract 4506.03; Alameda County; California,4573,210898,06,001,450603
Census Tract 4506.04; Alameda County; California,4983,178725,06,001,450604
Census Tract 4506.05; Alameda County; California,3742,206063,06,001,450605
Census Tract 4506.06; Alameda County; California,5946,237083,06,001,450606
Census Tract 4506.07; Alameda County; California,5430,102245,06,001,450607
Census Tract 4506.08; Alameda County; California,4187,233500,06,001,450608
Census Tract 4506.09; Alameda County; California,4824,162067,06,001,450609
Census Tract 4507.01; Alameda County; California,8674,250001,06,001,450701
Census Tract 4507.41; Alameda County; California,5469,154609,06,001,450741
Census Tract 4507.42; Alameda County; California,5169,165952,06,001,450742
Census Tract 4507.43; Alameda County; California,7627,170333,06,001,450743
Census Tract 4507.44; Alameda County; California,5750,215147,06,001,450744
Census Tract 4507.45; Alameda County; California,6287,191250,06,001,450745
Census Tract 4507.46; Alameda County; California,3385,177500,06,001,450746
Census Tract 4507.50; Alameda County; California,6698,158381,06,001,450750
Census Tract 4507.51; Alameda County; California,12521,250001,06,001,450751
Census Tract 4507.52; Alameda County; California,9502,250001,06,001,450752
Census Tract 4511.02; Alameda County; California,3892,250001,06,001,451102
Census Tract 4511.03; Alameda County; California,1448,250001,06,001,451103
Census Tract 4511.04; Alameda County; California,6880,180500,06,001,451104
Census Tract 4512.01; Alameda County; California,7292,108690,06,001,451201
Census Tract 4512.02; Alameda County; California,5549,168036,06,001,451202
Census Tract 4513; Alameda County; California,6235,124269,06,001,451300
Census Tract 4514.01; Alameda County; California,5969,117755,06,001,451401
Census Tract 4514.03; Alameda County; California,2145,190284,06,001,451403
Census Tract 4514.04; Alameda County; California,6594,118688,06,001,451404
Census Tract 4515.01; Alameda County; California,4533,192049,06,001,451501
Census Tract 4515.03; Alameda County; California,6053,174107,06,001,451503
Census Tract 4515.04; Alameda County; California,1493,169766,06,001,451504
Census Tract 4515.05; Alameda County; California,3191,232443,06,001,451505
Census Tract 4515.06; Alameda County; California,3398,135517,06,001,451506
Census Tract 4516.01; Alameda County; California,4866,202056,06,001,451601
Census Tract 4516.02; Alameda County; California,6767,133594,06,001,451602
Census Tract 4517.01; Alameda County; California,3108,201968,06,001,451701
Census Tract 4517.03; Alameda County; California,3989,200972,06,001,451703
Census Tract 4517.04; Alameda County; California,4593,147188,06,001,451704
Census Tract 9819; Alameda County; California,9,-666666666,06,001,981900
Census Tract 9820; Alameda County; California,69,136641,06,001,982000
Census Tract 9821; Alameda County; California,1099,-666666666,06,001,982100
Census Tract 9832; Alameda County; California,1038,181250,06,001,983200
Census Tract 9900; Alameda County; California,0,-666666666,06,001,990000
