respondent_id,tract_fid,food_options_rating,frequency_eating_out,need_third_place_rating,submission_date,submission_time
RESP0001,422800,2,more than five times a week,2,2025-09-22,16:39:00
RESP0002,420400,2,more than five times a week,3,2025-09-16,12:00:00
RESP0003,421300,4,2-5 times a week,4,2025-09-07,14:04:00
RESP0004,421500,4,2-5 times a week,2,2025-09-29,13:28:00
RESP0005,421100,1,once weekly,1,2025-09-10,14:02:00
RESP0006,422500,5,more than five times a week,4,2025-09-23,19:25:00
RESP0007,421300,5,more than five times a week,4,2025-09-26,10:36:00
RESP0008,420500,2,more than five times a week,1,2025-09-03,13:56:00
RESP0009,422800,5,never,2,2025-09-18,19:04:00
RESP0010,422700,2,more than five times a week,1,2025-09-25,08:29:00
RESP0011,420300,1,never,4,2025-09-24,11:04:00
RESP0012,422800,4,once weekly,5,2025-09-13,19:15:00
RESP0013,421100,4,never,5,2025-09-28,17:25:00
RESP0014,421100,4,once weekly,3,2025-09-26,12:38:00
RESP0015,422500,5,more than five times a week,1,2025-09-07,11:32:00
RESP0016,420500,1,more than five times a week,1,2025-09-25,12:22:00
RESP0017,420400,5,once weekly,3,2025-09-04,17:09:00
RESP0018,422500,5,2-5 times a week,3,2025-09-13,13:04:00
RESP0019,422500,1,once weekly,3,2025-09-20,11:33:00
RESP0020,420300,1,2-5 times a week,4,2025-09-01,11:30:00
RESP0021,420600,1,never,1,2025-09-08,17:57:00
RESP0022,420500,1,never,4,2025-09-14,10:57:00
RESP0023,420200,4,never,3,2025-09-16,08:55:00
RESP0024,422500,3,more than five times a week,1,2025-09-14,12:44:00
RESP0025,421200,3,never,4,2025-09-12,11:15:00
RESP0026,421400,1,2-5 times a week,4,2025-09-19,15:15:00
RESP0027,420600,3,never,3,2025-09-23,14:01:00
RESP0028,420200,3,once weekly,1,2025-09-15,08:27:00
RESP0029,421200,1,once weekly,3,2025-09-28,18:19:00
RESP0030,420500,3,more than five times a week,1,2025-09-02,15:11:00
RESP0031,420100,5,once weekly,5,2025-09-02,09:34:00
RESP0032,421200,2,2-5 times a week,2,2025-09-23,19:32:00
RESP0033,422700,2,never,2,2025-09-22,08:50:00
RESP0034,420600,1,more than five times a week,2,2025-09-19,18:36:00
RESP0035,421300,4,never,3,2025-09-25,19:02:00
RESP0036,421200,1,never,5,2025-09-26,08:32:00
RESP0037,423100,4,2-5 times a week,1,2025-09-30,15:09:00
RESP0038,420100,2,once weekly,4,2025-09-29,18:43:00
RESP0039,421100,1,once weekly,1,2025-09-22,19:30:00
RESP0040,421100,5,never,4,2025-09-26,09:50:00
RESP0041,421500,3,more than five times a week,1,2025-09-26,09:34:00
RESP0042,422700,4,once weekly,5,2025-09-22,14:16:00
RESP0043,421200,3,more than five times a week,4,2025-09-17,17:07:00
RESP0044,421200,3,once weekly,3,2025-09-20,17:09:00
RESP0045,421500,1,more than five times a week,1,2025-09-10,17:33:00
RESP0046,421400,3,2-5 times a week,1,2025-09-06,10:40:00
RESP0047,421400,5,more than five times a week,4,2025-09-15,14:03:00
RESP0048,421500,3,2-5 times a week,3,2025-09-22,17:52:00
RESP0049,421400,1,2-5 times a week,3,2025-09-11,09:44:00
RESP0050,420300,5,more than five times a week,5,2025-09-28,18:28:00
RESP0051,421200,2,2-5 times a week,3,2025-09-05,15:35:00
RESP0052,422800,3,never,3,2025-09-01,16:20:00
RESP0053,420400,1,2-5 times a week,3,2025-09-08,16:35:00
RESP0054,423100,2,once weekly,2,2025-09-21,17:36:00
RESP0055,420300,2,more than five times a week,5,2025-09-28,16:23:00
RESP0056,420500,4,never,1,2025-09-12,10:48:00
RESP0057,420300,5,more than five times a week,4,2025-09-12,10:47:00
RESP0058,422800,3,once weekly,1,2025-09-05,11:17:00
RESP0059,420500,1,once weekly,5,2025-09-07,08:38:00
RESP0060,423100,4,once weekly,4,2025-09-04,15:22:00
RESP0061,422800,5,2-5 times a week,5,2025-09-06,12:11:00
RESP0062,420200,4,2-5 times a week,3,2025-09-13,08:54:00
RESP0063,420400,5,more than five times a week,4,2025-09-20,14:24:00
RESP0064,423100,5,more than five times a week,3,2025-09-30,10:40:00
RESP0065,421200,3,never,1,2025-09-15,08:48:00
RESP0066,421400,5,never,1,2025-09-03,11:47:00
RESP0067,420200,4,more than five times a week,4,2025-09-23,16:21:00
RESP0068,422700,5,2-5 times a week,4,2025-09-08,18:18:00
RESP0069,423100,3,once weekly,5,2025-09-20,08:35:00
RESP0070,422700,3,more than five times a week,5,2025-09-16,19:40:00
RESP0071,420500,4,never,3,2025-09-13,10:11:00
RESP0072,420200,2,2-5 times a week,4,2025-09-18,16:06:00
RESP0073,420400,2,more than five times a week,1,2025-09-28,19:13:00
RESP0074,421200,5,more than five times a week,5,2025-09-10,11:18:00
RESP0075,421500,1,2-5 times a week,5,2025-09-30,17:46:00
RESP0076,421200,5,more than five times a week,1,2025-09-19,12:04:00
RESP0077,422800,4,2-5 times a week,5,2025-09-17,10:11:00
RESP0078,421200,4,once weekly,3,2025-09-24,16:51:00
RESP0079,421300,4,2-5 times a week,4,2025-09-19,18:20:00
RESP0080,422500,4,2-5 times a week,1,2025-09-28,11:52:00
RESP0081,421500,4,2-5 times a week,4,2025-09-26,14:15:00
RESP0082,420300,3,more than five times a week,5,2025-09-23,16:38:00
RESP0083,421400,2,more than five times a week,5,2025-09-26,12:41:00
RESP0084,420100,4,2-5 times a week,1,2025-09-05,17:38:00
RESP0085,420400,1,more than five times a week,3,2025-09-26,17:04:00
RESP0086,420200,1,never,2,2025-09-21,10:22:00
RESP0087,422500,1,never,1,2025-09-30,18:10:00
RESP0088,420400,1,more than five times a week,2,2025-09-23,09:46:00
RESP0089,420200,3,more than five times a week,2,2025-09-09,19:08:00
RESP0090,421400,1,2-5 times a week,3,2025-09-12,17:57:00
RESP0091,420600,4,once weekly,2,2025-09-21,19:16:00
RESP0092,420600,5,more than five times a week,2,2025-09-01,13:06:00
RESP0093,422700,1,never,3,2025-09-26,15:41:00
RESP0094,420400,3,2-5 times a week,2,2025-09-26,16:49:00
RESP0095,420600,3,more than five times a week,2,2025-09-01,18:57:00
RESP0096,421300,1,never,2,2025-09-15,09:04:00
RESP0097,421500,5,never,1,2025-09-02,12:37:00
RESP0098,420200,1,once weekly,1,2025-09-30,10:07:00
RESP0099,422700,3,2-5 times a week,1,2025-09-22,08:21:00
RESP0100,421200,2,2-5 times a week,3,2025-09-16,11:16:00
RESP0027,,3,never,3,2025-09-23,14:01:00
RESP0079,,4,2-5 times a week,4,2025-09-19,18:20:00
RESP0053,,1,2-5 times a week,3,2025-09-08,16:35:00
RESP0022,,1,never,4,2025-09-14,10:57:00
RESP0055,,2,more than five times a week,5,2025-09-28,16:23:00
RESP0050,,5,more than five times a week,5,2025-09-28,18:28:00
RESP0060,,4,once weekly,4,2025-09-04,15:22:00
RESP0007,,5,more than five times a week,4,2025-09-26,10:36:00
RESP0034,,1,more than five times a week,2,2025-09-19,18:36:00
RESP0051,,2,2-5 times a week,3,2025-09-05,15:35:00
