bin_num,construction_year
1000043,1887
1000055,1985
1000061,1985
1000301,1986
1000544,1987
1000792,1920
1000794,1956
1000827,1842
1000828,1929
1000829,1921
1000831,1926
1000864,1969
1000872,1965
1001010,1900
1001011,1902
1001022,1928
1001038,1916
1001041,1913
1001051,1929
1001084,1910
1001100,1927
1001115,1927
1001143,1982
1001173,1938
1001198,1900
1001228,1930
1001258,1923
1001274,1900
1001323,1840
1001355,1886
1001364,1882
1001420,1920
1001421,2001
1001422,1857
1001434,1969
1001439,1856
1001446,1900
1001451,1930
1001456,1930
1001457,1915
1001473,1915
1001486,1854
1001488,1915
1001490,1833
1001495,1915
1001497,1915
1001500,1915
1001503,1920
1001529,1985
1001531,1911
1001544,1891
1001545,1803
1001553,1931
1001554,1882
1001556,1896
1001562,1910
1001573,1896
1001581,1858
1001589,1862
1001596,1920
1001607,1864
1001640,1857
1001645,
1001646,1915
1001658,1857
1001785,1920
1001829,1910
1001839,1900
1001862,1909
1001866,1990
1001867,1888
1001874,1880
1001877,1901
1001895,1866
1001929,1867
1001935,1861
1001961,1915
1001974,1882
1001989,1862
1001990,1868
1001993,1896
1001994,1882
1001995,1885
1001998,1915
1002005,1877
1002008,1868
1002012,1910
1002015,1889
1002025,1887
1002029,1900
1002030,1920
1002095,1866
1002110,1910
1002116,1890
1002124,1915
1002128,1888
1002129,1883
1002142,1902
1002160,1924
1002162,1915
1002167,1905
1002198,1867
1002199,1866
1002221,1901
1002311,1859
1002315,1855
1002357,1911
1002368,1915
1002385,1915
1002393,1910
1002423,1910
1002673,1900
1002683,1868
1002709,
1002719,1896
1002732,2001
1002740,1915
1002807,1913
1002808,1893
1002810,1908
1002811,1894
1002814,
1002815,1853
1002818,2015
1002821,1886
1002832,1882
1002836,1920
1002840,1930
1002844,1894
1002845,1908
1002857,1920
1002859,1962
1002902,1920
1002922,1900
1002929,1885
1002953,1855
1002971,1884
1002978,1872
1002985,1819
1002997,1867
1003031,1877
1003071,1990
1003079,1900
1003080,1900
1003103,1900
1003144,1978
1003211,1965
1003227,1920
1003239,1910
1003243,1900
1003247,1920
1003258,1910
1003288,1900
1003302,1915
1003311,1910
1003322,1900
1003407,1900
1003530,1920
1003582,1910
1003590,1900
1003610,1900
1003720,1900
1003735,1910
1003759,1900
1003786,1900
1003815,1900
1003940,1900
1003948,1900
1003955,1900
1004007,1900
1004031,1910
1004064,1929
1004065,1949
1004075,1976
1004097,1900
1004106,1920
1004109,1910
1004114,1920
1004115,1920
1004122,1920
1004141,1940
1004173,1910
1004180,1920
1004181,1920
1004185,1920
1004201,1910
1004226,1910
1004230,1920
1004231,1900
1004246,1920
1004255,1920
1004261,1930
1004264,1930
1004300,1910
1004313,1912
1004354,1900
1004376,1920
1004378,1905
1004397,1920
1004444,2001
1004473,1908
1004477,1910
1004499,1900
1004515,1920
1004524,1900
1004550,1920
1004584,1900
1004598,1900
1004601,1900
1004606,1900
1004618,1940
1004680,1900
1004685,1950
1004722,1910
1004723,1900
1004734,1940
1004737,1910
1004745,1910
1004753,1910
1004767,1900
1004770,1930
1004771,1930
1004777,1900
1004784,1928
1004932,1910
1004967,1931
1004984,1900
1004985,1919
1004994,1900
1004996,1900
1004998,1900
1005000,1900
1005004,1950
1005025,1929
1005027,1900
1005028,1920
1005032,1900
1005036,1900
1005048,1900
1005058,1900
1005073,1900
1005076,1920
1005079,1900
1005083,1925
1005084,1925
1005085,1925
1005087,1915
1005104,1900
1005121,1920
1005127,1900
1005143,1860
1005161,1846
1005174,1930
1005180,1930
1005204,1900
1005205,1900
1005212,1900
1005216,1900
1005242,1900
1005245,1920
1005247,1900
1005274,1900
1005294,1920
1005295,1920
1005296,1920
1005304,1920
1005308,1900
1005334,1910
1005351,1920
1005353,1900
1005364,1900
1005369,1920
1005394,1900
1005403,1900
1005411,1900
1005412,1900
1005417,1900
1005449,1910
1005457,1900
1005469,1900
1005479,1900
1005486,1831
1005503,1910
1005508,1920
1005532,1900
1005536,1920
1005549,1900
1005584,1915
1005623,1900
1005689,1900
1005701,1900
1005726,1920
1005735,1920
1005738,1900
1005743,1971
1005747,1920
1005761,1929
1005762,1929
1005778,1881
1005784,1898
1005786,1863
1005788,1863
1005790,1920
1005792,1920
1005804,1854
1005818,1900
1005819,1900
1005834,1920
1005853,1891
1005855,1891
1005872,1900
1005873,1929
1005882,1907
1005900,1920
1005906,1900
1005907,1900
1005909,1900
1005922,1900
1005927,1890
1005944,1920
1005946,1900
1005948,1910
1005951,1910
1005958,1900
1005967,1900
1005968,1900
1005978,1905
1005994,1900
1005999,1910
1006000,1910
1006001,1900
1006007,1920
1006022,1900
1006070,1900
1006071,1900
1006092,1910
1006095,1910
1006104,1910
1006109,1910
1006110,1920
1006119,1900
1006120,1897
1006121,1900
1006131,1900
1006132,1910
1006139,1837
1006171,1900
1006175,1910
1006184,1920
1006190,1900
1006191,1900
1006206,1920
1006219,1900
1006220,2004
1006221,1920
1006227,1897
1006239,1864
1006241,1865
1006250,1900
1006251,1900
1006253,1900
1006256,1900
1006258,1900
1006292,1884
1006293,1875
1006296,1894
1006308,1920
1006334,1900
1006348,1842
1006351,1843
1006352,1898
1006353,1893
1006380,1900
1006389,1900
1006400,1900
1006410,1900
1006418,1900
1006420,1900
1006421,1900
1006422,1900
1006435,1928
1006461,1900
1006469,1920
1006479,1920
1006487,1920
1006490,1900
1006506,1920
1006507,1900
1006517,1945
1006529,1910
1006531,1910
1006532,1910
1006533,1910
1006553,1901
1006593,1903
1006625,1903
1006627,1845
1006674,1900
1006675,1900
1006692,1880
1006693,1878
1006696,1871
1006698,1984
1006748,1920
1006760,1900
1006769,1861
1006777,1861
1006790,1900
1006812,1920
1006814,1910
1006819,1854
1006824,1920
1006831,1920
1006834,1928
1006849,1926
1006870,1900
1006882,1900
1006902,1920
1006903,1920
1006905,1920
1006906,1925
1006907,1900
1006912,1920
1006913,1920
1006929,1921
1006942,1900
1006960,1900
1006971,1920
1006972,1901
1006976,1900
1007013,1903
1007034,1867
1007047,1896
1007051,1895
1007052,1895
1007058,1895
1007077,1873
1007082,1910
1007099,1903
1007105,1900
1007110,1892
1007118,1920
1007129,1900
1007131,1900
1007139,1900
1007163,1900
1007172,1900
1007177,1900
1007181,1900
1007187,1900
1007197,1926
1007200,1900
1007208,1896
1007218,1900
1007222,1900
1007235,1900
1007265,1895
1007266,1896
1007271,1876
1007275,1867
1007301,1885
1007303,1891
1007345,1877
1007346,1877
1007355,1891
1007361,1901
1007367,1905
1007380,1900
1007381,1910
1007391,1900
1007396,1920
1007409,1900
1007411,1900
1007413,1915
1007461,1900
1007477,1900
1007482,1900
1007491,1901
1007494,1900
1007509,1900
1007521,1911
1007527,1900
1007532,1920
1007551,1882
1007563,2015
1007568,1885
1007580,1869
1007586,1899
1007613,1901
1007627,1869
1007644,1890
1007673,1881
1007713,1892
1007729,1900
1007731,1904
1007736,1910
1007778,1905
1007780,1894
1007786,1903
1007797,1902
1007802,1893
1007804,1833
1007815,1903
1007828,1927
1007832,1966
1007841,1834
1007845,1910
1007847,1910
1007887,1920
1007900,1910
1007914,1910
1007921,1900
1007922,1910
1007924,1910
1007928,1910
1007930,1900
1007931,1900
1007941,1886
1007955,1897
1007996,1883
1008005,1889
1008015,1897
1008016,1894
1008018,1903
1008019,1897
1008021,1902
1008023,1912
1008024,1886
1008028,1881
1008029,1886
1008039,1904
1008052,1899
1008056,1908
1008072,1911
1008078,1900
1008081,1906
1008086,1955
1008088,1840
1008094,1901
1008095,1901
1008097,1901
1008101,1928
1008103,1954
1008111,1826
1008130,1892
1008142,1886
1008182,2016
1008197,1905
1008198,1894
1008200,1868
1008223,1896
1008236,1959
1008258,1904
1008265,1961
1008277,1890
1008278,1881
1008281,1910
1008300,1900
1008302,1900
1008304,1910
1008350,1940
1008353,1898
1008354,1898
1008374,1899
1008394,1888
1008408,1906
1008409,1907
1008418,1891
1008421,1908
1008422,1884
1008423,1880
1008438,2002
1008446,1830
1008448,1888
1008449,1884
1008471,1903
1008481,1893
1008487,1893
1008489,1909
1008506,1905
1008524,1897
1008529,1909
1008629,1908
1008632,1904
1008636,1903
1008642,1911
1008671,1879
1008694,1884
1008695,1893
1008712,1888
1008722,1940
1008731,1902
1008733,1888
1008742,1875
1008754,1901
1008776,1920
1008778,1920
1008793,1908
1008801,1833
1008805,1886
1008807,1892
1008837,1952
1008839,1930
1008847,1926
1008850,1952
1008869,1966
1008870,1903
1008872,1839
1008877,1929
1008890,1826
1008891,1890
1008894,1925
1008895,1842
1008896,1848
1008904,1986
1008949,1844
1008954,1960
1008958,1900
1008962,1965
1008977,1921
1008985,1905
1009006,1982
1009080,1964
1009091,1959
1009092,1954
1009093,1923
1009095,1928
1009096,1909
1009098,1929
1009099,1955
1009100,1964
1009101,1925
1009102,1902
1009106,
1009116,1900
1009117,1900
1009119,1900
1009138,1930
1009202,1910
1009204,1900
1009206,1900
1009212,1963
1009222,1953
1009223,1965
1009226,1923
1009238,1926
1009248,1841
1009249,1841
1009251,1922
1009252,1923
1009266,1907
1009268,1888
1009271,1890
1009272,1905
1009273,1925
1009275,1929
1009294,1907
1009321,1908
1009333,1910
1009379,1900
1009384,1800
1009403,1928
1009416,1900
1009417,1845
1009421,1845
1009425,1845
1009439,1900
1009468,1856
1009469,1856
1009471,1856
1009479,1846
1009481,1923
1009482,1926
1009487,1855
1009492,1929
1009493,1857
1009496,1855
1009504,1958
1009516,1912
1009522,1841
1009532,1845
1009539,1929
1009546,1846
1009558,1959
1009569,1860
1009584,1923
1009613,1960
1009616,1910
1009618,1900
1009622,1957
1009627,1901
1009632,1952
1009706,1906
1009714,1962
1009719,1910
1009721,1906
1009766,1929
1009768,1900
1009795,1887
1009804,1853
1009824,1844
1009849,1897
1009850,1953
1009852,1938
1009866,1889
1009870,1889
1009908,1873
1009916,1907
1009931,1890
1009942,1854
1009961,1909
1010007,1930
1010012,1852
1010033,1891
1010034,1883
1010035,1885
1010038,1898
1010039,1912
1010050,1888
1010054,1886
1010059,1828
1010062,1829
1010086,1907
1010129,1904
1010151,1903
1010166,1898
1010169,1889
1010170,1889
1010188,1958
1010192,1889
1010193,1902
1010249,1928
1010273,1827
1010275,1912
1010276,1907
1010290,1915
1010302,1890
1010323,1920
1010327,1926
1010334,1900
1010376,1901
1010400,1920
1010405,1920
1010538,1855
1010539,1855
1010542,1899
1010584,1842
1010586,1873
1010592,1849
1010598,1924
1010619,1961
1010632,1963
1010640,1912
1010641,1910
1010653,1961
1010658,1910
1010659,1848
1010669,1839
1010672,1839
1010684,1887
1010685,1910
1010699,1931
1010852,1961
1010856,1901
1010860,1905
1010861,1885
1010870,1899
1010890,1849
1010899,1961
1010924,1848
1010930,1898
1010931,1889
1010942,1906
1010949,1910
1010962,1845
1010967,1915
1011026,1857
1011030,1891
1011032,1837
1011041,1887
1011053,1911
1011064,1959
1011066,1959
1011068,1939
1011101,1926
1011102,1900
1011105,1910
1011109,1969
1011111,1901
1011112,1931
1011115,1909
1011117,1852
1011118,1852
1011125,1884
1011136,1860
1011145,1931
1011148,1873
1011150,1899
1011173,1872
1011187,1871
1011189,1963
1011196,1830
1011206,1901
1011207,1893
1011221,1928
1011223,1920
1011232,1914
1011239,1894
1011240,1894
1011246,1910
1011261,1866
1011278,1866
1011284,1899
1011308,1845
1011309,1924
1011318,1902
1011320,1868
1011322,1902
1011324,1895
1011331,1926
1011340,1908
1011352,1903
1011362,1836
1011364,1906
1011365,1901
1011366,1901
1011368,1890
1011370,1905
1011372,1885
1011375,1896
1011377,1938
1011382,1903
1011383,1849
1011391,1889
1011393,1905
1011455,1931
1011640,1846
1011645,1964
1011678,1886
1011687,1848
1011692,1920
1011694,1910
1011714,1964
1011753,1892
1011761,1987
1011842,1909
1011843,1930
1011850,1953
1011857,1902
1011864,1905
1011901,1956
1011908,1905
1011921,1892
1011944,1884
1011946,1884
1011949,1886
1011980,1964
1011992,1975
1011998,1975
1011999,1973
1012010,1911
1012012,1913
1012044,1930
1012048,2007
1012049,1939
1012057,1875
1012067,1910
1012075,1930
1012082,1858
1012085,1849
1012091,1897
1012133,1920
1012140,1907
1012143,1957
1012237,1886
1012329,1930
1012332,1905
1012349,1914
1012352,1910
1012355,1920
1012385,1927
1012554,1910
1012564,1986
1012571,1910
1012580,1910
1012581,1897
1012625,1853
1012629,1938
1012645,1856
1012673,1900
1012675,1900
1012677,1854
1012696,1855
1012697,1920
1012698,1920
1012699,1900
1012700,1855
1012705,1855
1012708,1857
1012711,1856
1012768,1857
1012781,1910
1012782,1910
1012809,1900
1012817,1910
1012853,1963
1012854,1928
1012858,1930
1012859,1922
1012884,1900
1012896,1915
1012996,1900
1013006,1900
1013007,1960
1013010,1900
1013013,1900
1013014,1900
1013028,1904
1013038,1911
1013047,1900
1013052,1905
1013058,1910
1013059,1900
1013060,1900
1013067,1910
1013076,1900
1013082,1900
1013089,1938
1013101,1928
1013118,1910
1013120,1910
1013123,1920
1013129,1910
1013215,1910
1013243,1928
1013252,1852
1013278,1848
1013279,1854
1013294,1900
1013295,1900
1013296,1864
1013302,1900
1013332,1965
1013340,1841
1013342,1872
1013351,1836
1013372,1910
1013375,1900
1013385,1985
1013429,1931
1013456,1926
1013462,2002
1013468,1910
1013473,1847
1013474,1847
1013507,1900
1013513,1920
1013514,1920
1013519,1987
1013521,1987
1013523,1920
1013528,1920
1013529,1987
1013530,1901
1013552,2000
1013584,1936
1013585,1926
1013628,1915
1013633,1920
1013679,1928
1013726,1920
1013746,1901
1013747,1928
1013749,1928
1013769,1901
1013773,1901
1013778,1901
1013782,1901
1013783,1901
1013790,1930
1013802,1901
1013804,1910
1013813,1930
1013814,1910
1013847,1907
1013854,1929
1013866,1901
1013868,1900
1013885,1986
1013892,1910
1013894,1939
1013963,1910
1013965,1910
1013970,1910
1013977,2002
1013979,1913
1013984,1920
1013987,1930
1013991,1901
1014011,1944
1014021,1901
1014028,1901
1014034,1901
1014041,1902
1014042,1901
1014048,1913
1014053,1920
1014068,1920
1014075,1963
1014077,1901
1014092,1901
1014093,1920
1014095,1905
1014097,1920
1014105,1890
1014108,1917
1014110,1920
1014129,1927
1014130,1885
1014132,1920
1014139,1910
1014146,1898
1014148,1930
1014159,1930
1014166,1925
1014173,1920
1014176,1910
1014179,1925
1014198,1938
1014205,1925
1014233,1926
1014280,1927
1014307,1927
1014440,1925
1014515,1963
1014523,1920
1014525,1950
1014530,1920
1014532,1920
1014544,1938
1014545,1940
1014546,1923
1014551,1910
1014554,1911
1014565,1927
1014572,1930
1014575,1918
1014592,1915
1014646,1968
1014651,1920
1014652,1920
1014653,1909
1014663,1920
1014670,1910
1014671,1906
1014674,1911
1014723,1909
1014742,1938
1014743,1938
1014744,1909
1014747,1905
1014748,1910
1014776,1911
1014777,1913
1014783,1950
1014794,1909
1014800,1909
1014811,1910
1014949,1980
1014962,1898
1014973,1904
1014976,1901
1014979,1901
1015010,1905
1015023,1912
1015026,1911
1015027,1922
1015029,1920
1015032,1907
1015040,1910
1015041,1920
1015042,1904
1015049,1907
1015053,1911
1015096,1926
1015098,1922
1015118,1901
1015150,1928
1015294,1989
1015296,1908
1015298,1909
1015299,1903
1015300,1902
1015303,1920
1015304,1920
1015308,1905
1015313,1920
1015317,1955
1015318,1986
1015372,1950
1015389,1846
1015397,1907
1015403,1910
1015418,1908
1015429,1885
1015448,1849
1015455,1901
1015456,1907
1015475,1899
1015479,1907
1015483,1912
1015495,1901
1015496,1908
1015499,1895
1015528,1907
1015538,1898
1015545,1910
1015564,1858
1015566,1884
1015573,1854
1015587,1906
1015588,1880
1015627,1910
1015631,1909
1015732,1900
1015735,1928
1015744,1924
1015759,1871
1015770,1910
1015898,1928
1015975,1910
1016055,1907
1016056,1930
1016061,1961
1016062,1965
1016082,1896
1016096,1892
1016113,1902
1016114,1846
1016115,1904
1016118,1900
1016139,1878
1016144,1902
1016146,1884
1016147,1892
1016151,1910
1016153,1905
1016161,1884
1016164,1897
1016169,1898
1016183,1903
1016185,1870
1016187,1905
1016202,1901
1016213,1911
1016220,1898
1016221,1850
1016227,1900
1016244,1854
1016260,1905
1016265,1910
1016279,1901
1016280,1911
1016283,1907
1016289,1925
1016304,1985
1016750,1987
1016888,1910
1016958,1938
1016961,1906
1016990,1914
1017015,1912
1017018,1900
1017030,1920
1017087,1925
1017092,1927
1017102,1925
1017105,1932
1017114,1938
1017126,1939
1017127,1955
1017133,1910
1017135,1985
1017185,1952
1017187,1941
1017201,1925
1017202,1925
1017205,1940
1017215,1925
1017218,1925
1017221,1916
1017235,1925
1017247,1961
1017361,1956
1017789,1900
1017799,1920
1017800,1900
1017803,1959
1017804,1963
1017807,1915
1017808,1900
1017809,1900
1017820,2016
1017822,1963
1017834,1891
1017835,1854
1017836,1854
1017837,1853
1017843,1962
1017847,1900
1017850,1963
1017857,1960
1017858,1950
1017872,1949
1017882,1955
1017890,1853
1017892,1853
1017893,1910
1017899,1900
1017903,1913
1017905,1911
1017908,1920
1017914,1930
1017915,1950
1017928,1956
1017931,1901
1017932,1909
1017943,1848
1017945,1940
1017948,1850
1017949,1850
1017950,1847
1017953,1883
1017954,1910
1017989,1928
1017991,1910
1017993,1927
1017994,1930
1017997,1956
1018007,1951
1018033,1930
1018068,1939
1018071,1987
1018086,1912
1018089,1900
1018090,1920
1018132,1939
1018136,1907
1018137,1910
1018139,1910
1018167,1930
1018172,1940
1018188,1910
1018189,1931
1018227,1920
1018230,1910
1018238,1927
1018241,1913
1018243,1910
1018244,1920
1018330,1915
1018343,1910
1018466,1920
1018480,1964
1018492,1957
1018494,1960
1018519,1969
1018549,1961
1018885,1955
1018899,1860
1018922,1916
1018923,1916
1018924,1924
1018934,1958
1018936,1950
1018953,1966
1019076,1910
1019088,1940
1019089,1959
1019090,1925
1019099,1975
1019123,1924
1019125,1911
1019143,1920
1019148,1920
1019153,1920
1019166,1924
1019272,1960
1019464,1910
1019501,1900
1019517,1851
1019518,1851
1019519,1961
1019521,1963
1019531,1930
1019544,1853
1019551,1973
1019569,1945
1019571,1869
1019579,1850
1019580,1964
1019581,1958
1019589,1910
1019591,1929
1019633,1962
1019634,1930
1019641,1920
1019644,1930
1019647,1930
1019648,1982
1019668,1920
1019731,1931
1019773,1920
1019774,1950
1019777,1920
1019778,1910
1019782,1972
1019785,1976
1019790,1920
1019802,1930
1019805,1920
1019821,1965
1019822,1950
1019851,1920
1019864,1965
1019882,1920
1019883,1920
1019888,1964
1019890,1900
1019896,1920
1019952,1910
1020056,1910
1020062,1900
1020064,1900
1020092,1964
1020108,1910
1020116,1920
1020117,1920
1020142,1910
1020163,1955
1020177,1920
1020178,1928
1020204,1963
1020339,1942
1020350,1920
1020400,1910
1020402,1965
1020406,1910
1020443,1910
1020444,1910
1020445,1910
1020449,1853
1020528,1910
1020543,1930
1020545,1967
1020569,1965
1020598,1975
1020599,1964
1021879,1910
1021895,1920
1021903,1961
1021909,1959
1021933,1984
1022051,1967
1022689,1920
1023166,1968
1023386,1923
1023456,1962
1023462,1908
1023717,1922
1023727,1918
1023740,1909
1023743,1930
1023751,1928
1023756,1927
1023757,1941
1023758,1925
1023759,1940
1023760,1930
1024903,1885
1024904,1913
1024918,1963
1024919,1968
1024920,1908
1024921,1938
1024922,1940
1024949,1930
1024995,1964
1024999,1930
1025004,1930
1025005,1930
1025009,1924
1025024,1900
1025025,1920
1025062,1920
1025063,1920
1025082,1920
1025107,1920
1025113,1920
1025139,1920
1025156,1920
1025179,1920
1025190,1920
1025191,1900
1025194,1920
1025195,1920
1025196,1920
1025203,1920
1025214,1910
1025215,1920
1025223,1920
1025257,1942
1025392,1920
1025396,1920
1025403,1920
1025410,1980
1025417,1941
1025419,1925
1025421,1942
1025424,1911
1025425,1925
1025427,1920
1026050,1920
1026056,1962
1026058,1982
1026318,2004
1026322,1910
1026346,1901
1026347,1920
1026349,1920
1026350,1920
1026375,1901
1026429,1910
1026449,1910
1026451,1910
1026472,1935
1026497,1901
1026503,1910
1026504,1920
1026505,1920
1026506,1901
1026508,1940
1026519,1920
1026550,1920
1026557,1920
1026569,1910
1026582,1920
1026588,1901
1026593,1910
1026600,1901
1026655,1910
1026657,1910
1026666,1910
1026680,1901
1026683,1910
1026684,1901
1026710,1910
1026729,1901
1026730,1910
1026731,1901
1026732,1940
1026747,1901
1026758,1910
1026765,1910
1026767,1901
1026812,1986
1026844,1911
1026847,1901
1026868,1910
1026882,1929
1026885,1940
1026892,1910
1026894,1910
1026911,1987
1026936,1901
1026947,1910
1026978,1910
1026989,1901
1026995,1901
1026999,1900
1027010,1901
1027024,1910
1027027,1901
1027037,1946
1027059,1977
1027061,1976
1027144,1901
1027191,1960
1027195,1982
1027365,1974
1027366,1930
1027461,1981
1027463,1979
1027467,1999
1027470,1910
1027472,1970
1028132,1923
1028133,1924
1028137,1910
1028138,1907
1028139,1939
1028141,1910
1028159,1974
1028163,1969
1028166,1930
1028167,1986
1028230,1927
1028231,1919
1028233,1929
1028234,1917
1028236,1907
1028238,1905
1028239,1903
1028240,1931
1028241,1905
1028242,1918
1028243,1929
1028253,1920
1028255,1924
1028439,1894
1028448,1893
1028449,1897
1028458,1967
1028463,1922
1028471,1896
1028479,1893
1028482,1893
1028483,1893
1028490,1889
1028495,1892
1028502,1896
1028503,1896
1028504,1896
1028506,1928
1028508,1929
1028511,1926
1028523,1892
1028528,1889
1028537,1889
1028551,1892
1028555,1892
1028557,1892
1028562,1894
1028564,1930
1028565,1892
1028577,1889
1028584,1892
1028593,1889
1028605,1924
1028617,1923
1028618,1931
1028619,1927
1028620,1925
1028625,1927
1028630,1926
1028632,1930
1028633,1928
1028634,1929
1028636,1963
1028637,1884
1028653,1885
1028655,1885
1028656,1885
1028657,1885
1028661,1926
1028663,1884
1028664,1884
1028670,1907
1028672,1941
1028678,1904
1028679,1902
1028680,1910
1028688,1903
1028695,1890
1028696,1890
1028703,1889
1028708,1970
1028710,1890
1028714,1890
1028718,1892
1028727,1890
1028740,1890
1028742,1891
1028743,1898
1028748,1891
1028751,1891
1028758,1893
1028765,1908
1028770,1900
1028773,1899
1028774,1899
1028790,1891
1028791,1893
1028793,1889
1028794,1889
1028817,1928
1028818,1925
1028820,1928
1028821,1909
1028823,1895
1028837,1962
1028839,1997
1028840,1995
1028842,1910
1028843,1910
1028845,1910
1028847,1975
1028857,1985
1028940,1886
1028941,1886
1028943,1886
1028945,1887
1028948,1905
1028950,1965
1029641,1891
1029642,1891
1029643,1891
1029649,1922
1029650,1917
1029651,1883
1029665,1903
1029749,1989
1029755,1885
1029760,1886
1029761,1886
1029773,1883
1029776,1912
1029778,1922
1029786,1927
1029873,1902
1029884,1913
1029885,1913
1029891,1918
1029908,1886
1029921,1884
1029926,1935
1029933,1926
1029946,1915
1029969,1913
1030007,1925
1030013,1920
1030017,1887
1030024,1887
1030029,1891
1030030,1891
1030031,1891
1030032,1891
1030033,1889
1030045,1889
1030062,1925
1030066,1888
1030070,1889
1030078,1889
1030085,1921
1030087,1891
1030102,1887
1030111,1892
1030112,1924
1030115,1894
1030119,1891
1030121,1891
1030133,1890
1030136,1890
1030137,1889
1030151,1893
1030164,1891
1030167,1893
1030174,1891
1030179,1921
1030185,1926
1030188,1894
1030193,1891
1030194,1886
1030207,1891
1030210,1892
1030211,1892
1030213,1886
1030219,1969
1030220,1886
1030228,1891
1030233,1886
1030241,1890
1030246,1890
1030250,1886
1030260,1925
1030263,1926
1030264,1911
1030265,1925
1030267,1935
1030324,1900
1030350,1924
1030352,2006
1030359,1927
1030366,1967
1030373,1971
1030390,1924
1030403,1913
1030413,1912
1030425,1887
1030426,1898
1030435,1913
1030436,1925
1030505,1924
1030507,1926
1030510,1924
1030522,1928
1030534,1918
1030536,1888
1030538,1888
1030542,1925
1030543,1990
1030544,1904
1030545,1928
1030558,1927
1030718,1917
1030720,1924
1030734,1922
1030736,1925
1030738,1920
1030741,1922
1030835,1924
1030839,1924
1030848,1932
1030849,1916
1030850,1960
1030855,1890
1030861,1930
1030875,1890
1030889,1920
1030900,1892
1030903,1908
1030906,1926
1030909,1975
1030917,1894
1030921,1894
1030923,1962
1030926,1910
1030930,1963
1030931,1903
1030941,1901
1030964,1896
1030966,1917
1030967,1942
1030968,1924
1030969,1925
1030970,1927
1030971,1906
1030972,1904
1030980,1906
1030984,1901
1030986,1913
1030987,1946
1030988,1926
1030991,1898
1030993,1936
1030994,1950
1030995,1897
1031008,1920
1031009,1948
1031010,1930
1031013,1897
1031018,1927
1031019,1894
1031026,1916
1031028,1925
1031032,1892
1031033,1944
1031038,1924
1031039,1889
1031044,1898
1031067,1891
1031083,1892
1031088,1897
1031090,1895
1031092,1930
1031100,1912
1031105,1895
1031111,1926
1031112,1926
1031113,1965
1031114,1925
1031127,1927
1031128,1905
1031129,1910
1031130,1910
1031131,1907
1031132,1896
1031134,1905
1031139,1930
1031140,1908
1031141,1929
1031144,1926
1031147,1887
1031148,1886
1031155,1891
1031168,1916
1031179,1887
1031181,1926
1031182,1889
1031196,1911
1031199,1884
1031204,1886
1031205,1886
1031217,1885
1031222,1969
1031232,1927
1031233,1926
1031245,1892
1031302,1887
1031305,1973
1031306,1947
1031307,1892
1031313,1888
1031315,1887
1031359,1907
1031362,1907
1031363,1907
1031371,1906
1031373,1925
1031374,1910
1031386,1911
1031388,1906
1031394,1907
1031395,1907
1031403,1927
1031405,1927
1031407,1937
1031408,1928
1031412,1892
1031415,1952
1031421,1891
1031425,1892
1031428,1891
1031430,1891
1031438,1891
1031443,1890
1031452,1896
1031462,1894
1031464,1913
1031502,1894
1031510,1892
1031513,1990
1031514,1905
1031518,1894
1031525,1892
1031532,1888
1031533,1888
1031535,1894
1031557,1895
1031572,1889
1031581,1927
1031583,1930
1031590,1889
1031605,1931
1031607,1930
1031613,1890
1031624,1972
1031625,1912
1031626,1931
1031632,1951
1031635,1930
1031636,1926
1031642,1920
1031643,1920
1031645,1910
1031646,1929
1031679,1929
1031684,1892
1031694,1923
1031698,1895
1031707,1928
1031721,1899
1031728,
1031729,1930
1031730,1892
1031739,1905
1031740,1929
1031749,1892
1031754,1923
1031755,1911
1031757,1928
1031758,1914
1031759,1926
1031764,2016
1031766,1893
1031769,1893
1031772,1895
1031779,1891
1031792,1893
1031798,1986
1031953,1896
1031960,1896
1031971,1893
1031981,1893
1031991,1887
1031996,1927
1031999,1891
1032006,1893
1032007,1887
1032030,1886
1032031,1887
1032036,1894
1032037,1926
1032048,1887
1032052,1891
1032057,1929
1032058,1892
1032092,1882
1032096,1887
1032131,1931
1032133,1950
1032142,1891
1032147,1891
1032157,1891
1032161,1900
1032168,1926
1032173,1916
1032177,1923
1032181,1891
1032189,1914
1032190,1914
1032191,1925
1032192,1889
1032197,1887
1032199,1929
1032215,1914
1032216,1914
1032218,1918
1032221,1887
1032222,1887
1032246,1987
1032262,1890
1032320,1985
1032491,1926
1032503,1910
1032526,1973
1032528,1925
1032532,1940
1032534,1929
1032537,1926
1032540,1965
1032571,1900
1032573,1925
1032577,1900
1032610,1900
1032614,1910
1032621,1910
1032622,1931
1032626,1896
1032637,1910
1032640,1910
1032651,1916
1032669,1897
1032671,1920
1032677,1928
1032680,1912
1032685,1891
1032687,1891
1032690,1900
1032698,1931
1032699,1920
1032766,1881
1032769,1924
1032770,1928
1032773,1913
1032774,1892
1032778,1895
1033103,1915
1033104,1915
1033112,1910
1033117,1910
1033120,1910
1033123,1914
1033124,1924
1033126,1889
1033128,1892
1033129,1924
1033135,1910
1033140,1931
1033149,1912
1033196,1907
1033197,2015
1033201,1890
1033206,1900
1033208,1915
1033223,1884
1033227,1920
1033288,1927
1033289,1922
1033293,1910
1033300,1963
1033301,1915
1033305,1915
1033307,1911
1033308,1920
1033309,1925
1033312,1910
1033313,1920
1033386,1985
1033546,1901
1033555,1920
1033556,1922
1033560,1923
1033580,1913
1033583,
1033584,1917
1033601,1899
1033604,1917
1033605,1896
1033612,1922
1033616,1926
1033620,1893
1033621,1927
1033641,1897
1033653,1925
1033677,1920
1033688,1928
1033689,1925
1033692,1899
1033696,1948
1033698,1900
1033717,1951
1033719,1901
1033720,1936
1033741,1900
1033752,1926
1033758,1929
1033790,1938
1033791,1892
1033801,1911
1033803,1924
1033808,1902
1033809,1902
1033815,1899
1033837,1887
1033838,1907
1033844,1900
1033849,1894
1033850,1894
1033858,1921
1033859,1926
1033866,1896
1033870,1895
1033903,1909
1033912,1894
1033921,1917
1033922,1915
1033923,1915
1033927,1924
1033929,1907
1033930,1891
1033933,1939
1033937,1926
1033938,1927
1033940,1926
1033941,1925
1033945,1912
1033948,1890
1033951,1927
1033952,1925
1033955,1896
1033958,1896
1033963,1893
1033966,1889
1033974,1937
1033975,1915
1033987,1894
1033989,1894
1034003,1922
1034004,1915
1034008,1894
1034009,1894
1034015,1896
1034019,1927
1034025,1922
1034035,1926
1034041,1893
1034048,1916
1034050,1926
1034051,1888
1034052,1925
1034054,1891
1034062,1936
1034065,1894
1034073,1922
1034081,1899
1034092,1928
1034093,1910
1034101,1927
1034102,1913
1034108,1902
1034114,1905
1034130,1910
1034133,1902
1034135,1928
1034185,1902
1034187,1931
1034189,1903
1034193,1930
1034321,1920
1034323,1920
1034537,1982
1034787,1948
1034794,1939
1035053,1921
1035078,1969
1035252,1926
1035253,1907
1035255,1963
1035256,1931
1035481,1973
1035794,1983
1036068,1916
1036077,1930
1036083,1929
1036084,1960
1036200,1924
1036233,1985
1036445,1924
1036528,1962
1036787,1956
1036867,1927
1036897,1957
1036903,1927
1036921,1908
1036926,1975
1037163,1922
1037176,1935
1037178,1986
1037594,1986
1037599,1979
1037604,1988
1037607,1982
1037840,1985
1037993,1928
1037995,1924
1038040,2006
1038044,1959
1038229,1927
1038233,1910
1038252,1910
1038254,1985
1038430,1957
1038441,1900
1038448,1900
1038450,1900
1038453,1927
1038465,1958
1038472,1960
1038529,1920
1038550,1957
1038552,1904
1038562,1990
1038567,1962
1038575,1977
1038587,1910
1038590,1960
1038591,1960
1038597,1931
1038598,1960
1038603,1912
1038608,1904
1038609,1955
1038611,1901
1038633,1910
1038645,1963
1038646,1956
1038647,1930
1038652,1929
1038653,1926
1038655,1929
1038656,1929
1038660,1927
1038665,1928
1038666,1927
1038770,1929
1038901,1959
1038909,2000
1038916,1964
1038920,1930
1038935,1962
1039077,1962
1039464,1930
1039468,1940
1039474,1920
1039475,1920
1039489,1982
1039606,1960
1039609,1900
1039610,1920
1039612,1940
1039632,1910
1039652,1910
1039662,1941
1039665,1904
1039666,1960
1039682,1963
1039793,1920
1039794,1959
1039804,1939
1039812,1929
1039826,1910
1039834,1930
1039846,1977
1039848,1959
1039944,1929
1039970,1962
1039986,1928
1039987,1932
1039991,1928
1039997,1968
1040000,1929
1040001,1928
1040003,1928
1040006,1930
1040007,1930
1040010,1939
1040011,1904
1040014,1958
1040031,1974
1040043,1930
1040066,1930
1040077,1931
1040078,1931
1040079,1931
1040084,1957
1040102,1930
1040110,1930
1040113,1931
1040114,1962
1040136,1928
1040137,1930
1040139,1930
1040140,1927
1040141,1929
1040142,1930
1040143,1930
1040145,1931
1040155,1931
1040156,1974
1040160,1951
1040162,1958
1040353,1955
1040356,1983
1040460,1969
1040462,1948
1040463,1953
1040464,1955
1040465,1955
1040466,1931
1040468,1967
1040469,1929
1040470,1938
1040471,1961
1040472,1926
1040474,1929
1040475,1929
1040537,1927
1040539,1927
1040541,1928
1040544,1960
1040545,1920
1040546,1920
1040551,1910
1040554,1974
1040555,1929
1040637,1975
1040638,1929
1040640,1929
1040645,1981
1040721,1958
1040722,1959
1040723,1926
1040747,1960
1040751,1927
1040756,2002
1040760,1910
1040765,1963
1040806,1941
1040809,1930
1040811,1928
1040849,1951
1040854,1910
1040856,1917
1040858,1911
1040861,1955
1040884,1961
1040898,1915
1040900,1916
1040921,1876
1040935,1901
1041017,1900
1041036,1923
1041044,1908
1041052,1879
1041055,1896
1041056,1926
1041068,1930
1041074,1880
1041078,1922
1041081,1929
1041086,1925
1041091,1959
1041128,1959
1041135,1892
1041136,1924
1041137,1916
1041148,1876
1041153,1920
1041159,1948
1041167,1921
1041170,1923
1041175,1914
1041176,1963
1041199,1963
1041216,1881
1041223,1927
1041237,1955
1041239,1879
1041241,1882
1041243,1949
1041250,1949
1041257,1901
1041288,1940
1041291,1948
1041292,1938
1041297,1926
1041309,1959
1041310,1948
1041317,1927
1041320,1960
1041321,1938
1041322,1928
1041328,1929
1041332,1929
1041333,1929
1041338,1911
1041352,1958
1041353,1944
1041363,1930
1041364,1951
1041366,1930
1041368,1926
1041377,1929
1041378,1915
1041379,1928
1041430,1986
1041450,1919
1041451,1925
1041455,1937
1041460,1959
1041461,1924
1041463,1924
1041464,1930
1041474,1887
1041504,1929
1041513,1870
1041515,1947
1041518,1871
1041523,1917
1041534,1951
1041637,1940
1041660,1958
1041665,1896
1041667,1929
1041673,1955
1041681,1925
1041686,1902
1041695,1958
1041696,1920
1041702,1911
1041711,1896
1041716,1979
1041717,1882
1041718,1884
1041786,1923
1041797,1930
1041798,1883
1041799,1949
1041800,1912
1041801,1914
1041802,1917
1041804,1930
1041805,1897
1041807,1896
1041813,1925
1041814,1938
1041815,1896
1041816,1928
1041824,1916
1041825,1928
1041828,1925
1041830,1917
1041832,1916
1041833,1936
1041835,1870
1041848,1925
1041857,1899
1041860,1900
1041871,1894
1041874,1927
1041876,1923
1041880,1926
1041883,1958
1041902,1963
1041908,1998
1041910,1912
1041927,1930
1041934,1920
1041938,1960
1041942,1920
1041950,1915
1041959,1963
1041961,1910
1041978,1930
1041986,1983
1042004,1871
1042010,1913
1042023,1910
1042024,1913
1042042,1910
1042050,1963
1042051,1959
1042055,1928
1042058,1920
1042059,1927
1042069,1960
1042091,1922
1042094,1899
1042117,1928
1042137,1987
1042369,1968
1042391,1954
1042414,1929
1042429,2000
1042444,1955
1042448,1913
1042451,1872
1042461,1906
1042462,1918
1042464,1957
1042466,1907
1042467,1923
1042469,1907
1042473,1960
1042479,1959
1042487,1924
1042497,1961
1042508,1924
1042524,1901
1042530,1949
1042610,1986
1042739,1959
1042740,1962
1042750,1870
1042758,1900
1042799,1940
1042806,1955
1042813,1867
1042818,1962
1042822,1925
1042823,1928
1042824,1914
1042829,1963
1042830,1914
1042838,1910
1042841,1926
1042843,1928
1042844,1916
1042845,1923
1042849,1928
1042850,1960
1042858,1923
1043025,1940
1043037,1924
1043038,1923
1043046,1958
1043047,1966
1043048,1926
1043051,1910
1043065,1917
1043066,1925
1043073,1961
1043076,1928
1043089,1963
1043090,1961
1043103,1923
1043105,1917
1043106,1899
1043109,1920
1043139,1913
1043140,1925
1043142,1962
1043160,1911
1043163,1961
1043174,1959
1043178,1957
1043180,1959
1043184,1908
1043200,1942
1043214,1912
1043221,1912
1043230,1927
1043231,1931
1043245,1928
1043252,1930
1043253,1927
1043254,1917
1043260,1947
1043261,1929
1043270,1985
1043347,1910
1043366,1965
1043547,1986
1043780,2015
1043826,1963
1043850,1964
1043861,1963
1043863,1962
1043864,1963
1043865,1910
1043866,1968
1043868,1963
1043869,1978
1043871,1951
1043872,1961
1043874,1964
1043896,1929
1043902,1950
1043905,1929
1043910,1921
1043918,1920
1043920,1961
1043921,1975
1043955,1979
1043966,1929
1043972,1930
1043975,1937
1043976,1932
1043977,1929
1043979,1920
1043992,1936
1043996,1910
1044006,1920
1044011,1962
1044023,1963
1044025,1938
1044034,1910
1044037,1910
1044046,1910
1044060,1957
1044072,1929
1044074,1937
1044075,1959
1044096,1965
1044097,1962
1044106,1910
1044115,1940
1044119,1910
1044120,1960
1044129,1965
1044166,1948
1044177,1929
1044221,1910
1044232,1900
1044246,1910
1044249,1986
1044360,1959
1044377,1949
1044384,1959
1044390,1965
1044689,1963
1044696,1962
1044697,1910
1044698,1910
1044723,1920
1044725,1940
1044727,1920
1044728,1920
1044738,1956
1044740,1964
1044753,1931
1044754,1928
1044759,1910
1044795,1984
1044818,1961
1044819,1920
1044820,1963
1044821,1963
1044830,1959
1044837,1960
1044853,1961
1044859,1962
1044862,1963
1044864,1930
1044866,1930
1044878,1958
1044879,1927
1044882,1975
1044892,1910
1044893,1910
1044895,1910
1044904,1961
1044911,1910
1044913,1957
1044920,1938
1044934,1936
1044935,1985
1045135,1966
1045148,1966
1045150,1910
1045151,1910
1045162,1910
1045165,1910
1045174,1963
1045178,1920
1045192,2000
1045204,1910
1045207,1910
1045208,1920
1045219,1910
1045220,1910
1045221,1910
1045224,1910
1045232,1910
1045234,1963
1045236,1910
1045244,1910
1045247,1910
1045262,1941
1045264,1928
1045271,1999
1045286,1960
1045317,1910
1045318,1910
1045380,1957
1045391,1962
1045393,1910
1045394,1910
1045397,1963
1045407,1910
1045589,1984
1045812,1910
1045818,1966
1045822,1910
1045832,1990
1045835,1910
1045838,1910
1045839,1962
1045843,1961
1045869,1910
1045873,1910
1045880,1910
1045886,1937
1045888,1910
1045891,1962
1045896,2007
1045901,1963
1045917,1910
1045943,1910
1045960,1920
1045997,1936
1046018,1910
1046026,1956
1046037,2004
1046253,1975
1046259,1962
1046261,1985
1046264,1910
1046265,1910
1046267,1910
1046276,1920
1046280,1920
1046292,1910
1046307,1964
1046407,1964
1046412,1911
1046426,1968
1046432,1930
1046437,1925
1046442,1928
1046443,1925
1046445,1921
1046451,1967
1046459,1886
1046471,1973
1046594,1926
1046607,1927
1046609,1930
1046624,1920
1046628,1916
1046641,1920
1046650,1926
1046660,1912
1046666,1907
1046669,1926
1046670,1930
1046671,1920
1046686,1978
1046689,1981
1046733,1910
1046740,1925
1046750,1912
1046759,1912
1046766,1920
1046768,1912
1046769,1963
1046770,1927
1046778,1955
1046787,1963
1046793,1900
1046802,1938
1046809,1925
1046811,1928
1046820,1922
1046822,1916
1046824,1925
1046825,1925
1046826,1925
1046827,1930
1046828,1912
1046829,1928
1046830,1923
1046831,1959
1046832,1925
1046833,1962
1046836,1912
1046837,1917
1046842,1928
1046845,1958
1046848,1960
1046849,1926
1046850,1930
1046851,1910
1046852,1924
1046853,1923
1046861,1949
1046913,1928
1046914,1954
1046915,1927
1046916,1948
1046917,1963
1046918,1924
1046919,1928
1046921,1930
1046924,1922
1046926,1917
1046952,1937
1046953,1930
1046956,1925
1046957,1973
1046958,1958
1046964,1954
1046965,1961
1046971,1925
1046972,1969
1046974,1930
1046978,1929
1046983,1927
1046985,1926
1046991,1930
1046992,1927
1046995,1889
1047014,1947
1047025,1940
1047045,1925
1047074,1926
1047075,1926
1047093,1926
1047099,1890
1047101,1925
1047125,1926
1047126,1962
1047127,1900
1047134,1926
1047171,1984
1047390,1928
1047403,1894
1047411,1889
1047412,1924
1047413,1925
1047418,1921
1047423,1899
1047425,1899
1047427,1901
1047431,1930
1047433,1929
1047434,1929
1047436,1906
1047438,1928
1047439,1923
1047440,1981
1047460,1913
1047470,1925
1047474,1928
1047475,1928
1047479,1973
1047485,1926
1047495,1926
1047502,1908
1047510,1922
1047535,1928
1047536,1958
1047537,1922
1047538,1900
1047539,1924
1047540,1913
1047549,1928
1047562,1910
1047567,1927
1047568,1925
1047569,1985
1047575,1920
1047577,1920
1047590,1912
1047591,1912
1047593,1916
1047595,1915
1047601,1912
1047627,1961
1047635,1929
1047636,1929
1047642,1926
1047650,1929
1047653,1981
1047659,1962
1047662,1924
1047663,1915
1047664,1960
1047665,1915
1047667,1961
1047668,1929
1047669,1917
1047671,1926
1047672,1928
1047674,1963
1047678,1910
1047682,1910
1047689,1986
1047699,1924
1047704,1987
1047926,1929
1047928,1971
1047935,1910
1047938,1967
1047948,1926
1047951,1923
1047952,1914
1047953,1928
1047955,1981
1047961,1991
1048040,1973
1048043,1972
1048045,1918
1048059,1980
1048063,1963
1048067,1922
1048071,1925
1048074,1910
1048075,1910
1048078,1927
1048094,1938
1048099,1936
1048101,1930
1048105,1923
1048121,1975
1048127,1920
1048128,1920
1048129,1920
1048131,1910
1048133,1922
1048134,1925
1048136,1925
1048139,1962
1048245,1926
1048247,1923
1048255,1923
1048262,1930
1048263,2003
1048267,1900
1048269,1930
1048280,1890
1048284,1924
1048285,1910
1048290,1914
1048305,1941
1048307,1941
1048335,1926
1048344,1929
1048364,1923
1048365,1989
1048367,1925
1048372,1925
1048384,1929
1048385,1924
1048386,1923
1048388,1928
1048392,1928
1048402,1938
1048403,1925
1048406,1924
1048410,1883
1048412,1961
1048419,1928
1048448,1929
1048480,1925
1048493,1928
1048495,1925
1048499,1910
1048509,1963
1048511,1947
1048512,1930
1048513,1930
1048515,1957
1048518,1910
1048521,1910
1048522,1962
1048523,1926
1048540,1920
1048559,1910
1048564,1920
1048574,1950
1048579,1980
1048582,1985
1048646,1910
1048650,1925
1048652,1910
1048678,1925
1048692,1964
1048716,1935
1048717,1935
1048721,1961
1048729,1920
1048741,1910
1048746,1910
1048748,1910
1048750,1910
1048772,1920
1048787,1986
1048799,1970
1048801,1960
1048804,1920
1048811,1920
1048812,1930
1048813,1966
1048818,1910
1048824,1962
1048827,1910
1048842,1920
1048848,1900
1048849,1901
1048876,1980
1048887,1920
1048895,1920
1048905,1910
1048916,2016
1048918,1985
1049224,1925
1049233,1910
1049235,1910
1049250,1929
1049251,1961
1049253,1957
1049261,1974
1049812,1920
1049818,1910
1049851,1910
1049852,1910
1049853,1920
1049854,1963
1049858,1920
1049874,1920
1049883,1920
1049896,1920
1049897,1925
1049899,1939
1049901,1910
1049906,1920
1049918,1930
1049922,1930
1049931,1967
1049954,1915
1049959,1920
1049971,1920
1050030,1971
1050043,1915
1050044,1973
1050052,1925
1050054,1988
1050058,1957
1050069,1930
1050070,1930
1050071,1910
1050091,1940
1050093,1920
1050097,1920
1050107,1925
1050116,1920
1050128,1920
1050135,1925
1050179,1915
1050197,1910
1050207,1910
1050223,1915
1050233,2000
1050247,1920
1050248,1920
1050271,1925
1050276,1920
1050279,1920
1050280,1920
1050285,1920
1050286,1920
1050288,1974
1050324,1989
1050361,1959
1050394,1915
1050395,1915
1050410,1910
1050421,1910
1050445,1915
1050459,1985
1050466,1915
1050470,1964
1050509,1910
1050520,1962
1050543,1973
1050547,1963
1050548,1929
1050549,1910
1050582,1910
1050609,1920
1050611,1901
1050634,1971
1050638,1910
1050719,1920
1050764,1960
1050765,1963
1050766,1981
1050767,1910
1050768,1957
1050769,2002
1050774,1986
1050870,1963
1050872,1950
1050873,1920
1050880,1964
1051044,1981
1051133,1914
1051137,1920
1051143,1910
1051144,1910
1051145,1910
1051147,1920
1051157,1905
1051164,1973
1051198,1958
1051199,1920
1051204,1910
1051207,1910
1051221,1951
1051225,1925
1051230,1968
1051237,1962
1051245,1931
1051246,1929
1051248,1928
1051249,1929
1051251,1958
1051258,1900
1051263,1939
1051264,1962
1051265,1960
1051276,1899
1051319,1925
1051322,1910
1051329,1905
1051336,1915
1051348,1905
1051349,1960
1051369,1942
1051370,1942
1051371,1952
1051372,1942
1051373,1942
1051377,1928
1051378,1942
1051379,1951
1051380,1951
1051381,1953
1051382,1963
1051385,1930
1051386,1951
1051388,1929
1051389,1929
1051390,1925
1051397,1920
1051437,1924
1051439,1926
1051441,1924
1051442,2005
1051443,1939
1051446,1924
1051456,1926
1051458,1924
1051463,1920
1051464,1920
1051475,1920
1051476,1920
1051478,1925
1051480,1926
1051486,1928
1051490,
1051491,1926
1051516,1925
1051578,1959
1051595,1924
1051604,1910
1051735,1910
1051761,1910
1051762,1910
1051792,1920
1051795,1920
1051814,1920
1051831,1890
1051858,1910
1051876,1910
1051897,1910
1051904,1910
1052001,1910
1052009,1930
1052247,1910
1052264,1910
1052273,1910
1052281,1920
1052297,1900
1052312,1920
1052326,1910
1052341,1900
1052403,1925
1052471,1910
1052482,1910
1052497,1900
1052505,1900
1052510,1920
1052594,1910
1052617,1910
1052618,1910
1052777,1900
1052853,1910
1052861,1910
1052930,1910
1052974,1910
1053051,1910
1053088,1920
1053097,1900
1053104,1890
1053311,1893
1053347,1888
1053469,1900
1053490,1909
1053552,1909
1053712,1921
1053778,1910
1053887,1959
1053888,1959
1053890,1958
1053892,1958
1053898,1960
1053919,1920
1053965,1921
1054002,1900
1054014,1900
1054125,1909
1054144,1909
1054255,1890
1054266,1899
1054307,1900
1054394,1910
1054427,1950
1054487,1940
1054515,1900
1054582,1900
1054611,1900
1054661,1930
1054668,1900
1054754,1910
1054782,1900
1054811,1909
1054938,1904
1054951,1900
1054981,1900
1054984,1915
1054992,1925
1055002,
1055003,1915
1055061,1900
1055064,1926
1055065,1921
1055119,1920
1055135,1900
1055219,1910
1055256,1926
1055262,1931
1055264,1918
1055287,1960
1055288,1961
1055302,1929
1055306,1940
1055309,1926
1055310,1902
1055398,1925
1055401,1941
1055402,1910
1055405,1910
1055411,1941
1055471,1920
1055474,1915
1055478,1925
1055482,1920
1055495,1930
1055513,1940
1055607,1887
1055610,1887
1055614,1887
1055621,1930
1055644,1920
1055647,1908
1055648,1920
1055653,1920
1055661,1901
1055668,1940
1055669,1940
1055680,1909
1055681,1909
1055688,1905
1055690,1940
1055696,1929
1055699,1940
1055703,1929
1055724,
1055725,
1055759,1910
1055765,1900
1055817,1900
1055820,1900
1055821,1920
1055849,1927
1055851,1914
1055862,1901
1055866,1910
1055869,1903
1055893,1930
1055896,1920
1055897,1915
1055899,1965
1055921,1920
1055966,1910
1055969,1910
1055983,1925
1056030,1915
1056049,1920
1056053,1925
1056058,1925
1056064,1910
1056066,1931
1056068,1983
1056372,1926
1056383,1911
1056384,1923
1056386,1914
1056389,1925
1056393,1926
1056395,1913
1056406,1925
1056408,1920
1056414,1899
1056459,1930
1056465,2006
1056468,1926
1056486,1910
1056493,1913
1056511,1920
1056518,1920
1056521,1899
1056539,1910
1056551,1923
1056558,1927
1056564,1920
1056572,1926
1056578,1911
1056579,1924
1056580,1920
1056583,1926
1056600,1920
1056604,1924
1056607,1912
1056613,1925
1056622,1925
1056624,1925
1056635,1925
1056636,1926
1056640,1920
1056641,1925
1056642,1925
1056643,1925
1056644,1925
1056653,1900
1056654,1900
1056656,1911
1056659,1930
1056660,1915
1056669,1910
1056672,1925
1056673,1910
1056674,1911
1056677,1925
1056688,1920
1056689,1920
1056697,1910
1056698,1910
1056702,1900
1056703,1912
1056704,1910
1056707,1910
1056710,1900
1056712,1920
1056866,1911
1056904,1923
1056908,1910
1056909,1909
1056910,1909
1056913,1910
1056914,1910
1056980,1910
1056982,1990
1056992,1912
1057022,1925
1057035,1921
1057060,1925
1057061,1901
1057062,1901
1057064,1907
1057065,1903
1057066,1901
1057069,1915
1057075,1897
1057077,1909
1057080,1910
1057083,1916
1057084,1902
1057086,1920
1057088,1911
1057089,1911
1057091,1910
1057092,1910
1057093,1910
1057127,1926
1057128,1901
1057130,1901
1057131,1901
1057132,1901
1057135,1928
1057136,1902
1057144,1901
1057145,1901
1057146,1926
1057155,1926
1057167,1911
1057175,1923
1057182,1924
1057183,1961
1057187,1909
1057188,1929
1057189,1892
1057197,1915
1057198,1912
1057199,1892
1057207,1930
1057209,1928
1057214,1925
1057215,1916
1057223,1900
1057225,1921
1057234,1901
1057237,1900
1057257,1925
1057258,1899
1057259,1925
1057270,1899
1057273,1950
1057277,1898
1057284,1900
1057285,1924
1057291,1922
1057298,1915
1057305,1901
1057310,1922
1057312,1922
1057313,1922
1057319,1907
1057320,1908
1057323,1925
1057332,1925
1057333,1909
1057336,1902
1057344,1909
1057345,1910
1057347,1898
1057356,1905
1057365,1912
1057379,1912
1057381,1908
1057420,1920
1057431,
1057440,1897
1057448,1896
1057456,1920
1057494,1900
1057529,1890
1057530,1920
1057552,1896
1057625,1896
1057628,1896
1057678,1886
1057727,1887
1057731,1886
1057785,1889
1057788,1910
1057963,1910
1058003,1881
1058065,1896
1058067,1896
1058076,1884
1058104,1921
1058203,1910
1058220,1926
1058229,1926
1058253,1930
1058321,1920
1058418,2003
1058469,1910
1058484,1910
1058541,1910
1058716,1910
1058768,1910
1058790,1930
1058813,1910
1058816,1910
1058850,1910
1058960,1905
1059082,1910
1059085,1901
1059090,1920
1059124,1987
1059146,1911
1059150,1899
1059161,1909
1059174,1909
1059238,1912
1059277,1900
1059317,1900
1059332,1900
1059359,1920
1059370,1901
1059389,1910
1059391,1926
1059507,1925
1059508,1925
1059597,1920
1059598,1920
1059603,1910
1059627,1901
1059652,1926
1059672,1907
1059674,1905
1059683,1926
1059685,1926
1059687,1901
1059713,1905
1059716,1910
1059717,1910
1059739,1905
1059746,1915
1059759,1905
1059762,1905
1059769,1910
1059773,1910
1059774,1910
1059785,1910
1059819,1910
1059822,1910
1059827,1910
1059833,1910
1059839,1940
1059845,1926
1059848,1905
1059849,1905
1059852,1905
1059855,1905
1059859,1926
1059863,1926
1059864,1926
1059868,1926
1059869,1926
1059872,1941
1059880,1926
1059883,1907
1059892,1910
1059957,1905
1059965,1905
1059966,1905
1059967,1905
1059980,1926
1060010,1920
1060050,1910
1060053,1927
1060057,1924
1060076,1910
1060086,1910
1060087,1910
1060183,1926
1060295,1891
1060328,1910
1060339,1910
1060372,1926
1060375,1926
1060387,1920
1060393,1926
1060439,1921
1060483,1920
1060526,1903
1060586,1920
1060590,1920
1060600,1920
1060604,1968
1060669,1920
1060807,1910
1060870,1910
1060929,1920
1060987,1951
1061000,1911
1061001,1911
1061029,1893
1061040,1920
1061047,1930
1061124,1957
1061126,1909
1061129,1902
1061185,1922
1061186,1917
1061187,1921
1061191,1913
1061275,1893
1061325,1896
1061351,1891
1061367,1919
1061395,1907
1061414,1920
1061514,1895
1061524,1910
1061525,1910
1061527,1911
1061528,1920
1061544,1926
1061545,1920
1061546,1920
1061561,1926
1061563,1916
1061730,1908
1061734,1905
1061806,1900
1061830,1910
1061862,1930
1061867,1899
1061869,1910
1061887,1920
1061895,1920
1061900,1910
1061902,1920
1061966,1930
1061992,1930
1061995,1920
1062003,1926
1062010,1920
1062023,1920
1062058,1920
1062060,1920
1062061,1910
1062064,1899
1062073,1910
1062077,1920
1062082,1910
1062084,1910
1062106,1950
1062142,1910
1062176,1926
1062180,1900
1062204,1900
1062242,1920
1062264,1920
1062265,1906
1062267,1906
1062268,1907
1062303,1920
1062306,1910
1062326,1914
1062329,1910
1062337,1926
1062344,1912
1062357,1908
1062359,1909
1062369,1910
1062372,1911
1062392,1920
1062415,1901
1062427,1913
1062434,2015
1062443,1920
1062447,1913
1062451,1914
1062452,1926
1062470,1920
1062493,1922
1062506,1920
1062546,1912
1062597,1928
1062598,1928
1062622,1920
1062624,1906
1062626,1920
1062658,1910
1062678,1906
1062701,1910
1062703,1915
1062704,1928
1062725,1907
1062734,1910
1062744,1912
1062763,1900
1062766,1930
1062783,1907
1062784,1910
1062820,1910
1062823,1909
1062834,1910
1062870,1922
1062873,1926
1062880,1920
1062893,1920
1062895,1906
1062927,1937
1063014,1910
1063020,1911
1063026,1907
1063043,1909
1063058,1920
1063091,1906
1063098,1923
1063126,1912
1063135,1915
1063224,1914
1063231,1920
1063247,1914
1063251,1926
1063252,1911
1063275,1911
1063288,1920
1063305,1920
1063309,1915
1063310,1920
1063323,1914
1063341,1922
1063343,1922
1063350,1913
1063360,1920
1063361,1950
1063366,1930
1063376,1924
1063391,1923
1063414,1946
1063420,1926
1063431,1941
1063439,1920
1063442,1920
1063444,1918
1063450,1923
1063453,1920
1063470,1917
1063485,1922
1063492,1918
1063496,1920
1063504,1924
1063511,1924
1063519,1924
1063520,1930
1063535,1930
1063539,1940
1063551,1910
1063554,1913
1063573,1911
1063582,1963
1063583,1960
1063592,1924
1063619,1917
1063637,1906
1063677,1905
1063679,1905
1063730,1915
1063790,1916
1063827,1930
1063838,1910
1063852,1924
1063906,1908
1063921,1920
1063926,1910
1063940,1910
1063957,1910
1063960,1928
1063968,1927
1063969,1914
1063970,1940
1063971,1909
1063978,1911
1063985,1909
1064039,1920
1064085,1925
1064098,1929
1064153,1923
1064193,1930
1064196,1926
1064226,1920
1064240,1930
1064258,1908
1064266,1909
1064275,1920
1064276,1920
1064278,1910
1064279,1915
1064283,1909
1064285,1909
1064298,1909
1064301,1909
1064306,1912
1064310,1924
1064311,1913
1064314,1910
1064320,1910
1064321,1920
1064331,1917
1064335,1920
1064338,1925
1064342,1928
1064353,1930
1064354,1925
1064372,1954
1064379,1936
1064381,1928
1064404,1920
1064432,1937
1064435,1939
1064442,1940
1064447,1959
1064448,1928
1064464,1963
1064473,1940
1064474,1949
1064475,1939
1064643,1927
1064661,1925
1064712,1926
1064717,1940
1064734,1927
1064746,1915
1064747,1915
1064752,1925
1064809,1916
1064864,1928
1064877,1927
1064895,1930
1064899,1924
1064947,1925
1064950,1952
1065006,1939
1065007,1939
1065029,1920
1065036,1939
1065067,1927
1065089,1985
1065199,1985
1065321,1986
1065475,1987
1066187,1987
1066317,1987
1066469,1904
1066500,1920
1066563,1920
1066640,1900
1066665,1883
1066698,1920
1066718,1964
1066782,1988
1066841,1871
1066865,1892
1066890,1905
1066973,1900
1066992,1931
1067116,1920
1067315,1963
1067567,1931
1067572,1987
1067716,1931
1067852,1907
1067886,1987
1067979,1932
1068033,1962
1068149,1939
1068175,1907
1068277,1907
1068310,1986
1069344,1950
1069595,1930
1070070,1986
1070131,1988
1070362,1987
1070529,1940
1070591,1988
1070689,1963
1070696,1965
1070703,1963
1070711,1964
1070721,2007
1070746,1962
1070754,1962
1070766,1962
1070806,1913
1070846,1986
1070900,1989
1070992,1987
1071116,1910
1071151,1986
1071159,1986
1071461,1951
1071719,1956
1071853,1920
1071989,1960
1072068,1958
1072227,1957
1072488,1987
1072630,1963
1072637,1988
1072696,1986
1072932,1987
1073038,1916
1073043,1928
1073089,1929
1073155,1928
1073221,1987
1073539,1987
1073786,1986
1073878,1986
1074035,1988
1074358,1961
1074772,1961
1075198,1929
1075313,1901
1075380,1925
1075433,1910
1075440,1926
1075481,1926
1075619,
1075653,1981
1075669,1860
1075673,1920
1075681,1905
1075693,1910
1075698,1988
1075706,1988
1075735,1868
1075842,1920
1075876,1920
1075879,1920
1075912,1900
1075959,1909
1075999,1867
1076016,1883
1076035,1880
1076070,1989
1076071,1900
1076074,1891
1076078,1897
1076081,1920
1076123,1989
1076135,1989
1076141,1987
1076162,1988
1076166,1989
1076168,1989
1076177,1987
1076194,1989
1076200,1916
1076205,1987
1076208,1910
1076225,1931
1076231,1977
1076233,1893
1076239,1929
1076247,1923
1076251,1987
1076253,1929
1076254,1989
1076271,1963
1076272,1964
1076276,1977
1076281,1972
1076285,1908
1076286,1941
1076289,1900
1076290,1937
1076296,1962
1076298,1931
1076299,1965
1076301,1928
1076302,1924
1076307,1987
1076310,
1076312,1931
1076314,1961
1076317,1910
1076320,1960
1076323,1987
1076331,1963
1076519,1911
1076627,1930
1076744,1908
1076779,1981
1076783,1949
1076784,1949
1076790,1844
1076841,1973
1076843,1950
1076847,1900
1076905,1915
1076924,1839
1076933,1850
1076937,1920
1076941,1910
1076949,1900
1076956,1920
1076962,1900
1076964,1900
1076993,1900
1077021,1910
1077159,1910
1077227,1910
1077236,1932
1077241,1920
1077259,1900
1077311,1905
1077352,1990
1077360,1990
1077365,1975
1077399,1915
1077407,1960
1077408,1915
1077418,1950
1077424,1915
1077426,1900
1077430,1920
1077432,1910
1077435,1915
1077438,1965
1077439,1965
1077442,1900
1077450,1900
1077452,1900
1077454,1920
1077456,1920
1077498,1930
1077500,1930
1077510,1963
1077605,1960
1077607,1960
1077612,1846
1077614,1900
1077618,1900
1077625,1900
1077639,1888
1077647,1900
1077653,1900
1077686,1900
1077688,1910
1077690,1900
1077697,1900
1077719,1867
1077729,1900
1077737,1911
1077745,1900
1077753,1900
1077762,1900
1077763,1886
1077768,1880
1077771,1897
1077776,1891
1077781,1900
1077787,1880
1077788,1880
1077816,1925
1077817,1925
1077828,1896
1077833,1959
1077834,1959
1077844,1989
1077846,1938
1077853,1927
1077856,1903
1077877,1920
1077889,1930
1077900,1930
1077912,1903
1077913,1900
1077914,1896
1077918,1900
1077926,1870
1077927,1870
1077930,1961
1077931,1900
1077934,1887
1077937,1874
1078064,1910
1078096,1880
1078120,1910
1078122,1910
1078139,1910
1078149,1910
1078176,1910
1078193,1878
1078194,1878
1078204,1900
1078214,1871
1078221,1910
1078233,1900
1078241,1889
1078243,1889
1078244,1889
1078257,1956
1078291,1910
1078297,1897
1078332,1974
1078335,1920
1078348,1940
1078365,1910
1078368,1920
1078375,1962
1078385,1950
1078437,1964
1078466,1900
1078500,1925
1078514,1940
1078525,1850
1078530,1900
1078545,1910
1078565,1987
1078569,1890
1078574,1910
1078579,1910
1078584,1910
1078586,1920
1078587,1920
1078588,1920
1078598,1920
1078609,1920
1078638,1929
1078645,1920
1078651,1964
1078655,1909
1078658,1964
1078668,1980
1078673,1910
1078677,1910
1078686,1964
1078688,1912
1078721,1900
1078734,1931
1078741,1920
1078762,1953
1078766,1890
1078791,1935
1078893,1910
1078897,1920
1078985,1982
1078988,1913
1079018,1920
1079035,1910
1079057,1901
1079077,1920
1079099,
1079153,1910
1079179,1907
1079207,1930
1079270,1900
1079275,1920
1079278,1882
1079280,1910
1079290,1887
1079299,1910
1079356,1958
1079371,1900
1079375,1958
1079385,1868
1079390,1894
1079391,1910
1079408,1958
1079446,1920
1079448,1913
1079451,1913
1079453,1968
1079496,1910
1079550,1910
1079567,1920
1079689,1900
1079764,1910
1079769,1910
1079813,1900
1079851,1905
1079852,1905
1079880,1925
1079910,1906
1079979,1951
1079985,1939
1080087,1900
1080130,1910
1080138,1845
1080179,1920
1080225,1907
1080300,1930
1080359,2006
1080413,1921
1080424,1921
1080440,1937
1080441,1937
1080449,1929
1080450,1929
1080470,1880
1080475,1880
1080477,1880
1080704,1958
1080706,1958
1080748,1902
1080777,1903
1080815,1988
1080855,1965
1080929,1900
1081012,1911
1081034,2008
1081093,1963
1081096,1963
1081157,1930
1081299,1940
1081300,1940
1081465,1894
1081478,1920
1081498,1920
1081499,1920
1081543,1915
1081578,2002
1081687,1939
1081711,1890
1081740,1910
1082033,1935
1082130,1910
1082192,2000
1082250,1910
1082303,1999
1082356,1925
1082358,1925
1082387,1910
1082411,1900
1082414,1900
1082431,1910
1082441,1912
1082450,1940
1082461,1900
1082472,1900
1082485,1895
1082493,1965
1082494,1965
1082497,1939
1082503,1900
1082512,1847
1082513,1940
1082517,1900
1082619,1884
1082621,1884
1082652,1965
1082653,1960
1082654,1960
1082677,1923
1082691,1911
1082711,1934
1082723,1887
1082726,1945
1082729,1975
1082730,1975
1082731,1975
1082733,1975
1082734,1975
1082735,1975
1082736,1975
1082766,1945
1082768,1945
1082769,1945
1082771,1945
1082790,1920
1082813,1990
1082849,1945
1082853,1945
1082857,1945
1082858,1945
1082860,1945
1082865,1945
1082866,1945
1082867,1945
1082868,1945
1082869,1945
1082874,1945
1082875,1945
1082879,1945
1082880,1945
1082881,1945
1082882,1945
1082883,1945
1082884,1945
1082885,1945
1082934,1957
1082935,1957
1083057,1900
1083072,1987
1083078,1860
1083082,1884
1083091,1920
1083119,1962
1083120,1962
1083130,1888
1083154,1900
1083157,1975
1083162,1960
1083164,1960
1083165,1960
1083169,1960
1083218,1967
1083235,1975
1083243,1975
1083247,1988
1083320,1900
1083349,1971
1083350,1971
1083356,1971
1083363,1920
1083366,1920
1083400,1955
1083401,1955
1083413,1900
1083419,1955
1083420,1955
1083421,1962
1083430,1900
1083435,1920
1083459,1905
1083482,1900
1083487,1900
1083492,1872
1083498,1885
1083503,1896
1083515,1870
1083516,1960
1083518,1926
1083535,1861
1083553,1939
1083556,1939
1083580,1962
1083581,1962
1083624,1926
1083702,1900
1083734,1904
1083749,1939
1083773,1900
1083855,1906
1083883,1871
1083977,1900
1084010,1986
1084112,1956
1084119,1955
1084144,1928
1084151,1928
1084214,1951
1084273,1890
1084275,1900
1084276,1900
1084293,1923
1084301,1894
1084302,1894
1084303,1985
1084356,1930
1084394,1925
1084417,1929
1084536,1910
1084564,1992
1084572,1966
1084588,1900
1084761,1930
1084762,1883
1084849,1915
1084880,1920
1084883,1920
1084893,1900
1084906,1991
1084911,1872
1084916,1904
1084932,1907
1084943,1900
1084949,1847
1084959,1893
1084966,1828
1084980,1852
1084990,1889
1084991,1940
1084993,1940
1084996,1900
1085076,1893
1085093,1996
1085105,1926
1085107,1939
1085123,1910
1085136,1887
1085140,1997
1085154,1931
1085194,1966
1085199,1956
1085200,1956
1085215,1963
1085224,1901
1085225,1901
1085226,1901
1085238,1911
1085240,1920
1085246,1968
1085265,1996
1085323,1901
1085324,1906
1085338,1930
1085354,1920
1085369,1910
1085370,1910
1085376,1900
1085464,1911
1085545,1855
1085557,2003
1085582,1998
1085589,1968
1085591,1968
1085657,1855
1085659,1996
1085722,1997
1085729,1998
1085734,1997
1085789,2003
1085794,1999
1085816,1909
1085818,2000
1085871,1910
1085965,2001
1085967,2002
1085969,1986
1085975,2003
1086018,1998
1086051,2001
1086062,2001
1086067,2000
1086071,2001
1086093,2001
1086097,1905
1086102,2002
1086104,2002
1086114,1930
1086134,2002
1086135,
1086159,1999
1086160,2001
1086170,1975
1086171,1975
1086172,1975
1086174,2002
1086247,2004
1086346,1871
1086502,1856
1086518,2003
1086543,2003
1086551,2004
1086552,2003
1086554,2003
1086556,1912
1086557,1896
1086570,2005
1086635,1940
1086869,1956
1086955,1923
1087056,1887
1087065,2004
1087070,2004
1087072,2004
1087079,2005
1087098,1893
1087099,1893
1087103,2003
1087148,1904
1087152,2004
1087170,2006
1087172,2005
1087184,2000
1087187,2005
1087238,2006
1087243,1930
1087245,1900
1087256,1900
1087260,1903
1087263,1907
1087269,2005
1087271,1916
1087306,2003
1087418,2002
1087449,1920
1087450,1908
1087454,1914
1087459,2005
1087488,2007
1087492,2005
1087493,2005
1087501,2005
1087505,1851
1087506,1928
1087511,1925
1087513,2006
1087518,2006
1087538,2005
1087539,2005
1087557,2005
1087559,2005
1087613,2007
1087665,2007
1087679,1923
1087685,1899
1087686,2007
1087688,1900
1087694,1896
1087701,2006
1087704,2007
1087716,2005
1087718,2006
1087720,2006
1087721,2007
1087724,2006
1087725,2007
1087732,1915
1087742,2005
1087746,2007
1087756,1895
1087759,1910
1087769,2008
1087770,2008
1087833,2006
1087835,2008
1087839,2005
1087846,2008
1087847,2008
1087867,2003
1087926,2005
1087936,2007
1087954,2005
1087957,2008
1088126,2009
1088175,2008
1088184,2008
1088185,2008
1088200,2005
1088301,2012
1088406,2007
1088432,2007
1088436,2007
1088437,2008
1088475,1910
1088502,
1088551,2010
1088565,2009
1088574,2008
1088577,2008
1088589,
1088611,
1088646,2017
1088732,1929
1088748,2007
1088839,2009
1089033,1967
1089046,2008
1089338,1924
1089377,2012
1089405,1910
1089620,2012
1089696,1950
1089698,2018
1089742,2015
1089743,2015
1089780,2016
1089831,2015
1089857,1900
1089890,2018
1089989,2016
1090143,2017
1090184,2016
1090192,2016
1090209,2005
1090241,2019
1090305,2020
1090414,2018
1090451,2019
1090482,2002
1090488,2016
1090731,2017
1090777,2020
1090811,2018
1090874,2019
1091871,2025
1091951,2026
2000038,1906
2000103,1970
2000115,1952
2000206,1931
2000217,1931
2000521,1931
2000649,1888
2000755,1915
2001296,1907
2001332,1913
2001481,1906
2001491,1920
2001853,1909
2001868,1910
2001887,1931
2001971,1901
2002047,1929
2002085,1929
2002190,1920
2002219,1928
2002295,1971
2002741,1926
2002789,1926
2002823,1963
2002838,1922
2002839,1924
2002865,1928
2002891,1917
2002900,1936
2003078,1927
2003081,1925
2003109,1929
2003113,1926
2003161,1926
2003171,1929
2003177,1928
2003187,1924
2003232,1929
2003262,1931
2003263,1926
2003645,1905
2003969,1918
2003970,1918
2004304,1905
2004381,1920
2004559,1910
2004565,1913
2004567,1912
2004606,1902
2004677,1911
2004678,1911
2004847,1910
2005109,1909
2005112,1909
2005272,1907
2005551,1910
2005596,1907
2005635,1929
2005703,1910
2005713,1910
2005798,1906
2006025,1920
2006151,1910
2006529,1922
2006614,1930
2007064,1926
2007274,1923
2007275,1923
2007411,1927
2007486,1911
2007588,1937
2007592,1924
2007700,1925
2007793,1924
2007821,1928
2007823,1928
2007910,1926
2007991,1921
2008088,1923
2008129,1928
2008199,1925
2008519,1929
2008590,1925
2008859,1925
2009015,1922
2009041,1920
2009118,1920
2009306,1931
2009814,1927
2009879,1904
2010113,1931
2010190,1905
2010241,1902
2010391,1904
2010808,1931
2011020,1931
2011246,1931
2011393,1926
2011452,1931
2011609,1931
2011610,1931
2011686,1910
2011775,1913
2011827,1923
2011942,1901
2012194,1931
2012208,1912
2012292,1913
2012448,1931
2012881,1910
2012895,1931
2013143,1910
2013285,1931
2013304,1927
2013577,1915
2013695,1927
2013709,1928
2013804,1915
2013823,1922
2013835,1916
2014312,1926
2014357,1921
2014403,1915
2014501,1901
2014533,1935
2014602,1916
2014646,1920
2014675,1920
2014732,1915
2014739,1931
2014744,1924
2014747,1916
2014893,1915
2014951,1911
2014986,1930
2015073,1940
2015252,1926
2015262,1910
2015521,1931
2015522,1927
2015848,1927
2016133,1913
2016136,1913
2016156,1961
2016537,1930
2016610,1910
2016683,1910
2016735,1931
2016754,1924
2016759,1928
2016780,1916
2017092,1923
2017132,1923
2017220,1917
2017236,1964
2017426,1925
2017476,1928
2017491,1922
2017598,1927
2017666,1923
2017719,1924
2017766,1926
2017837,1926
2017998,1928
2018044,1923
2018048,1926
2018160,1959
2018227,1961
2018249,1920
2018546,1960
2018556,1928
2019799,1910
2020888,1931
2020926,1970
2021172,1970
2023540,1926
2024570,1920
2024720,1950
2024867,1928
2025314,1930
2027840,1925
2028251,1930
2042806,1928
2044183,1910
2044268,1962
2046144,1920
2046610,1926
2048338,1929
2048795,1939
2049697,1956
2050794,1930
2051284,1950
2051297,1929
2051340,1928
2054295,1950
2054714,1950
2055643,1926
2055838,1931
2056960,1931
2057800,1975
2058557,1920
2061740,1955
2062935,1915
2063233,1940
2063436,1928
2064285,1955
2064628,1931
2065004,1931
2069741,1924
2072353,2018
2072717,1930
2073493,1947
2075128,1935
2075412,1950
2075715,1925
2077929,1955
2079599,2004
2083244,1969
2083276,1961
2083422,1953
2083470,1959
2083471,1953
2083479,1958
2083488,1934
2083743,1933
2083865,1929
2083967,1940
2083990,1920
2084019,1924
2084101,1941
2084147,1954
2084510,1920
2085191,1969
2085344,1962
2085685,1920
2085778,1952
2085798,1960
2085802,1965
2085811,1951
2085820,1961
2085823,1961
2085871,1963
2085874,1963
2086319,1961
2086829,1932
2087530,1986
2090377,1931
2091071,1909
2091087,1909
2091317,1960
2091318,1960
2091864,1953
2091929,1924
2091943,1948
2092075,1965
2092082,1961
2092109,1960
2092299,1900
2092508,1926
2092631,1959
2092633,1959
2092634,1959
2092636,1959
2092673,1949
2092674,1949
2092675,1949
2092676,1949
2092677,1961
2092678,1961
2093377,1950
2093464,1950
2093875,1967
2093879,1960
2093912,1973
2093928,1958
2093932,1958
2093933,1958
2093934,1958
2093995,1920
2096624,1939
2096856,1986
2096857,1969
2096907,1960
2098785,1929
2098788,1928
2100100,1979
2101405,1931
2103483,1949
2112572,1923
2112823,2003
2113792,2005
2114113,1997
2114226,2002
2114608,2006
2114612,2004
2117029,1935
2117055,1935
2124598,1926
2124624,2017
2124625,2017
2128366,2005
3000201,1950
3000545,1930
3000555,1905
3000583,1905
3000588,1910
3000647,1920
3000654,1920
3000655,1920
3000673,1899
3000724,1900
3000811,1905
3000822,1910
3000980,1900
3000991,1912
3001015,1910
3001147,1852
3001174,1853
3001265,1855
3001274,1848
3001342,1871
3001412,1872
3001424,1920
3001426,1920
3001432,1900
3001475,1894
3001489,1899
3001496,1852
3001507,1845
3001508,1879
3001510,1939
3001512,1844
3001514,1857
3001515,1857
3001544,1832
3001564,1893
3001598,1897
3001617,1987
3001676,1879
3001693,1912
3001708,1926
3001726,1929
3001767,1925
3001774,1855
3001779,1929
3001791,1926
3001804,1898
3001852,1935
3001856,1849
3001859,1927
3001866,1848
3001883,1928
3001896,1921
3001908,1899
3001911,1838
3001912,1850
3001940,1911
3001942,1934
3001944,1949
3001978,1910
3002026,1879
3002033,1899
3002035,1910
3002109,1925
3002117,1853
3002122,1879
3002127,1844
3002134,1960
3002139,1925
3002142,1916
3002200,1955
3002201,1929
3002202,1922
3002230,1860
3002238,1856
3002264,1849
3002367,1889
3002453,1839
3002473,1899
3002476,1839
3002533,1879
3002539,1925
3002543,1928
3002552,1852
3002556,1964
3002588,1846
3002593,1848
3002606,1899
3002613,1914
3002625,1914
3002640,1890
3002645,1890
3002707,1928
3002753,1845
3002852,1900
3002953,1852
3003071,1855
3003087,1900
3003115,1899
3003119,1860
3003170,1858
3003208,1901
3003273,1949
3003361,1855
3003422,1854
3003443,1910
3003469,1878
3003495,1900
3003501,1846
3003533,1891
3003576,1900
3003591,2002
3003707,1850
3003731,1922
3003800,1901
3003839,1850
3003909,1872
3003946,1850
3004264,1899
3004352,1920
3004359,1899
3004464,1900
3004494,1900
3004530,1899
3004729,1900
3004765,1900
3004774,1920
3004800,1900
3004902,1899
3004910,1900
3004933,1930
3004935,1930
3004985,1900
3004988,1900
3005009,1900
3005119,1899
3005151,1900
3005217,1930
3005241,1901
3005387,1899
3005417,1931
3005451,1900
3005484,1900
3005500,1920
3005540,1900
3005606,1901
3005643,1931
3005738,1900
3005816,1900
3005991,1931
3006033,1931
3006044,1900
3006062,1931
3006148,1905
3006296,1900
3006411,1900
3006426,1931
3006432,1931
3006476,2006
3006566,1931
3006690,1920
3006698,1931
3006715,1899
3006734,1899
3006836,1910
3006852,1986
3006960,1901
3007008,1931
3007222,1931
3007240,1920
3007251,1920
3007278,1900
3007331,1899
3007391,1872
3007437,1874
3007450,1873
3007496,1910
3007599,1899
3007646,1920
3007720,1920
3007745,1901
3007780,1920
3007811,1901
3007843,1920
3007940,1900
3007974,1931
3008025,1920
3008177,1931
3008332,1953
3008359,1931
3008391,1931
3008539,1921
3008613,1931
3008722,1931
3008805,1899
3009216,1932
3009281,1931
3009420,1935
3009541,1935
3009836,1925
3011053,1924
3011180,1940
3011202,1935
3011356,1931
3011984,1928
3012529,1910
3012681,1910
3012682,1910
3012835,1920
3012888,1931
3012983,1931
3012988,1931
3013750,1920
3013882,1931
3014190,1983
3014315,1910
3014316,1928
3014524,1911
3014652,1899
3014809,1910
3015114,1924
3015530,1926
3015902,1915
3016211,1931
3016348,1910
3016575,1935
3016576,1935
3016739,2002
3016897,1931
3017111,1931
3017397,1931
3018397,1920
3018398,1920
3018488,1930
3018664,1920
3018674,1800
3018738,1869
3018859,1880
3018877,1887
3018887,1880
3018896,1899
3019000,1901
3019034,1935
3019085,1881
3019121,1920
3019280,1920
3019281,1920
3019289,1881
3019362,1920
3019396,1920
3019491,1870
3019528,1920
3019592,1920
3019652,1888
3019671,1888
3019711,1920
3019712,1920
3019734,1920
3019869,1886
3019884,1920
3020111,1921
3020156,1920
3020179,1920
3020187,1920
3020188,1920
3020233,1920
3020328,1920
3020353,1899
3020379,1920
3020388,1910
3020406,1901
3020452,1920
3020470,1920
3020511,1901
3020549,1931
3020572,1910
3020667,1920
3020694,1931
3020778,1920
3020782,1920
3020816,1901
3020852,1901
3020866,1921
3020900,1921
3020917,1921
3020922,1920
3020932,1920
3020956,1920
3020986,1920
3020987,1940
3021029,1931
3021031,1920
3021076,1920
3021077,1940
3021082,1920
3021091,1920
3021141,1900
3021212,1920
3021252,1940
3021298,1901
3021348,1920
3021379,1910
3021763,1920
3021806,1901
3021970,1887
3021973,1886
3021991,1931
3022064,1931
3022126,1931
3022183,1912
3022265,1920
3022334,1899
3022393,1901
3022521,1913
3022592,1921
3022778,1899
3022820,1931
3022822,1931
3022889,1920
3022923,1920
3022930,1921
3023030,1910
3023055,1920
3023202,1914
3023263,1931
3023268,1899
3023272,1931
3023455,1931
3023641,1931
3023684,1925
3023982,1899
3024368,1906
3024376,1900
3024385,1881
3024422,1872
3024464,1924
3024467,1891
3024471,1927
3024522,1883
3024550,1920
3024598,1885
3024599,1885
3024611,1896
3024626,1941
3024655,1927
3024709,1900
3024728,1931
3024765,1936
3024821,1929
3024833,1894
3024841,1896
3024857,1920
3024922,1923
3024923,1936
3024961,1894
3024968,1928
3025018,1929
3025039,1889
3025110,1899
3025119,1910
3025125,1891
3025138,1942
3025159,1915
3025223,1898
3025234,1906
3025254,1910
3025259,1909
3025304,1891
3025354,1903
3025372,1903
3025416,1909
3025436,1920
3025441,1892
3025487,1920
3025502,1905
3025503,1905
3025530,1922
3025611,1910
3025644,1899
3025679,1905
3025761,1899
3025835,1909
3025842,1904
3025845,1904
3025890,1920
3025920,1911
3025933,1909
3025953,1903
3025992,1882
3026086,1922
3026224,1899
3026267,1899
3026288,1929
3026313,1890
3026326,1897
3026352,1901
3026501,1930
3026544,1901
3026545,1901
3026547,1901
3026582,1909
3026616,1912
3026693,1906
3026706,1905
3026709,1905
3026770,1901
3026795,1936
3026873,1901
3027041,1920
3027161,1923
3027373,1901
3027475,1930
3027555,1931
3027610,2002
3027633,1930
3027817,1902
3027834,1904
3027899,1878
3028025,1931
3028209,1931
3028235,1931
3028286,1930
3028445,1885
3028687,1931
3028711,1894
3028741,1902
3028744,1940
3028747,1901
3028755,1868
3028787,1892
3028875,1931
3028942,1931
3029036,1930
3029073,1886
3029144,1902
3029178,1894
3029182,1894
3029299,1905
3029306,1959
3029311,1940
3029314,1956
3029327,1915
3029331,1923
3029333,1940
3029355,1912
3029359,1920
3029516,1920
3029525,1924
3029566,1911
3029595,1910
3029608,1912
3029627,1927
3029628,1926
3029632,1922
3029634,1930
3029635,1925
3029651,2006
3029652,1924
3029676,1923
3029701,1927
3029703,1938
3029716,1926
3029717,1927
3029813,1900
3030067,1890
3030846,1907
3030855,1913
3031006,1931
3031064,1914
3031069,1896
3031079,1890
3031183,1905
3031259,1893
3031294,1917
3031295,1917
3031440,1910
3031487,1931
3031490,1931
3031494,1906
3031710,1902
3031884,1910
3031953,1904
3031981,1938
3032218,1910
3032313,1899
3032367,1910
3032574,1899
3032872,1927
3032881,1925
3033224,1915
3033281,1920
3033461,1917
3033741,1920
3033772,1925
3034045,1921
3034046,1920
3034160,1927
3034198,1924
3034322,1921
3034361,1937
3034858,1922
3035099,1930
3035100,1927
3035242,1939
3035332,1905
3035336,1905
3035612,1925
3035705,1920
3035751,1950
3035766,1920
3036037,1924
3036043,1911
3036157,1910
3036758,1907
3036909,1927
3037023,1908
3037241,1922
3037413,1921
3037747,1917
3037748,1917
3037880,1924
3037891,1916
3037892,1916
3038023,1935
3038025,1924
3038026,1924
3038038,1920
3038167,1926
3038628,1901
3038662,1920
3038738,1910
3038871,1910
3038890,1910
3039267,1950
3039683,1899
3039843,1905
3040001,1899
3040151,1905
3041192,1925
3041645,1910
3042045,1910
3042243,1910
3042383,1910
3042694,1910
3042706,1910
3043137,1931
3043197,1931
3043466,1931
3043481,1899
3043786,1910
3043838,1899
3044103,1931
3044197,1931
3044708,1899
3044755,1931
3045021,1899
3045045,1899
3045155,1899
3045194,1899
3045253,1905
3045833,1910
3045836,1910
3045842,1901
3045849,1899
3046061,1899
3046206,1910
3046418,1885
3046430,1890
3046483,1910
3046728,1873
3046855,1876
3047200,1910
3047358,1888
3047847,1910
3048065,1899
3048187,1901
3048236,1901
3048335,2013
3048355,1931
3048676,1899
3048839,1901
3048854,1931
3048857,1931
3049320,1931
3049321,1931
3049392,1910
3049896,1920
3049955,1931
3049980,1931
3050068,1931
3050322,1931
3050472,1899
3050557,1931
3050620,1931
3050856,1899
3050860,1899
3050909,1899
3051409,1899
3051644,1899
3051754,1899
3052084,1900
3052182,1931
3052269,1883
3052675,1883
3052809,1899
3052995,1886
3053280,1910
3053294,1910
3053346,1902
3053347,1872
3053700,1910
3053911,1905
3053981,1910
3054552,1901
3054789,1955
3054795,1905
3054892,1958
3054896,1958
3054905,1932
3054913,1920
3054970,1901
3055029,1871
3055065,1872
3055089,1874
3055273,1968
3055290,1912
3055291,1889
3055315,1922
3055317,1927
3055340,1877
3055376,1930
3055485,1867
3055541,1873
3055600,1905
3055601,1905
3055609,1905
3055677,1905
3055754,1922
3055955,1872
3055969,1930
3055971,1901
3055988,1916
3056023,1901
3056039,1880
3056061,1910
3056142,1870
3056216,1888
3056395,1930
3056406,1930
3056563,1900
3056835,1877
3056840,1877
3056880,1931
3056892,1930
3057190,1931
3057288,1901
3057373,1930
3057512,1899
3057574,1930
3057591,1915
3057717,1930
3058019,1905
3058135,1899
3058216,1927
3058227,1900
3058255,1958
3058273,1870
3058329,1905
3058367,1969
3058448,1865
3058472,1867
3058476,1925
3058498,1866
3058560,1871
3058583,1930
3058652,1931
3058659,1899
3058702,1930
3058756,1930
3058757,1865
3058794,1875
3058875,1875
3058884,1878
3058922,1936
3058936,1856
3058965,1875
3058973,1850
3059061,1867
3059183,1929
3059192,1858
3059204,1859
3059220,1856
3059238,1857
3059255,1858
3059300,1930
3059328,1910
3059378,1876
3059391,1855
3059506,1916
3059668,1992
3059764,1910
3060670,1931
3060974,1931
3061301,1931
3061573,1910
3061609,1900
3061669,1910
3061676,1910
3061708,1920
3061758,1910
3061759,1910
3061782,1900
3061797,1900
3061806,1901
3061824,1910
3061919,1920
3062004,1900
3062028,1910
3062157,1920
3062172,2009
3062206,1910
3062228,1899
3062330,1930
3062345,1899
3062358,1914
3062563,1899
3062655,1854
3062731,1910
3062737,1910
3062774,1910
3062775,1910
3062806,1910
3062875,1950
3062888,1914
3062910,1899
3062943,1910
3063053,1910
3063096,1915
3063103,1915
3063134,1910
3063201,1920
3063247,1915
3063298,1918
3063385,1925
3063391,1899
3063398,1910
3063481,1915
3063505,1915
3063506,1920
3063533,1910
3063581,1920
3063623,1895
3063674,1931
3063762,1930
3063909,1930
3063949,1931
3063957,1931
3064019,1928
3064324,1931
3064408,1886
3064502,1915
3064541,1896
3064548,1910
3064647,1928
3064691,1857
3064718,1930
3064737,1885
3064874,1853
3064889,1899
3064974,1949
3065099,1876
3065134,1884
3065142,1884
3065143,1884
3065185,1930
3065199,1930
3065215,1901
3065384,1899
3065490,1928
3065499,1928
3065516,1928
3065663,1930
3065671,1928
3065755,1930
3065851,1930
3065957,1930
3065985,1901
3066045,1928
3066057,1899
3066232,1928
3066245,1930
3066310,1930
3066322,1930
3066729,1931
3066748,1931
3066922,1931
3066926,1931
3066938,1930
3066954,1928
3066975,1933
3067027,1931
3067067,1931
3067091,1901
3067118,1928
3067135,1930
3067297,1931
3067308,1938
3067413,1955
3067531,1928
3067624,1910
3067641,1910
3067652,1928
3067771,1928
3067774,1910
3067965,1910
3068023,1920
3068182,1928
3068202,1928
3068268,1910
3068322,1920
3068338,1910
3068543,1899
3068547,1899
3068705,1899
3068877,1920
3069002,1930
3069161,1899
3069307,1930
3069372,1910
3069512,1920
3069548,1920
3069584,1920
3069802,1910
3069930,1907
3070143,1920
3070249,1920
3070321,1920
3070396,1910
3070609,1931
3070692,1931
3071080,1920
3071167,1920
3071270,1920
3071363,1972
3071415,1931
3071423,1931
3071443,1931
3071605,1931
3071698,1931
3071963,1931
3071969,1931
3071972,1931
3071984,1931
3071990,1931
3072057,1931
3072073,1931
3072092,1931
3072300,1931
3072301,1931
3072380,1959
3072381,1947
3072427,1950
3072485,1931
3072561,1931
3072576,1931
3072624,1931
3072879,1953
3072913,1931
3073136,1931
3073159,1931
3073206,1931
3073213,1931
3073288,1931
3073615,1931
3073683,1931
3073685,1931
3073722,1940
3073774,1931
3073824,1931
3073882,1931
3074047,1931
3074475,1931
3074490,1931
3074552,1931
3074604,1901
3074796,1931
3074805,1931
3074815,1931
3074871,1931
3074940,1931
3074941,1931
3075110,1931
3075395,1931
3075399,1931
3075708,1931
3075799,1931
3075809,1931
3075812,1931
3075938,1931
3076168,1931
3076170,1931
3076171,1931
3076222,1931
3076318,1931
3076490,1931
3076524,1921
3076547,1931
3076879,1931
3077143,1901
3077170,1901
3077332,1909
3077432,1915
3077633,1907
3078143,1910
3078386,1906
3078562,1899
3079161,1906
3079789,1907
3080231,1911
3080347,1905
3080558,1931
3081797,2022
3081848,1930
3082399,1930
3082837,1930
3083283,1920
3084643,1930
3084733,1901
3085609,1930
3085618,1930
3085781,1910
3086349,1910
3087762,1920
3088184,1920
3088874,1925
3089385,1930
3089507,1925
3089943,1925
3091285,1899
3091312,1899
3091447,1910
3092133,1915
3093309,1910
3093310,1910
3094548,1925
3094838,1965
3095080,1930
3096247,1920
3096508,1920
3097011,1930
3099534,1930
3099974,1930
3100502,1930
3101802,1920
3103085,1925
3103336,1948
3106219,1965
3106801,1931
3106960,1931
3107090,1931
3108053,1931
3108274,1931
3108628,1931
3108690,1910
3108725,1931
3109905,1950
3110410,1931
3110485,1927
3110686,1930
3110760,1931
3114592,1925
3114593,1926
3114607,1928
3114631,1912
3115013,1938
3115259,1930
3115662,1931
3115918,1926
3115952,1924
3116200,1938
3116206,1938
3116228,1931
3116384,1925
3116432,1931
3116493,1927
3116494,1927
3116559,1931
3116639,1931
3116662,1927
3116708,1937
3116712,1926
3116873,1931
3116896,1940
3116939,1931
3116940,1931
3117031,1938
3117334,1931
3117427,1961
3117593,1930
3117594,1935
3117599,1912
3117602,1924
3117679,1930
3117868,1930
3118669,1941
3118823,1930
3118875,1926
3119108,1930
3119987,1910
3121087,1910
3121397,1931
3121785,1925
3122030,1965
3122195,1963
3122261,1910
3122534,1899
3122565,1931
3122645,1961
3122731,1931
3122732,1931
3122783,1899
3122828,1937
3122848,1936
3123114,1899
3124068,1935
3124178,1928
3124272,1910
3124299,1953
3124322,1940
3124349,1965
3124559,1931
3124705,1926
3124737,1923
3124738,1923
3125450,1941
3125738,1930
3125739,1930
3125790,1930
3126218,1963
3126676,1930
3127329,1930
3127619,1930
3127793,1915
3127908,1901
3127938,1954
3128286,1945
3129017,1931
3129428,1930
3129804,1910
3130783,1922
3130983,1920
3130984,1920
3131068,1965
3131739,1931
3131975,1944
3133625,1931
3133776,1940
3134726,1931
3134827,1927
3134834,1931
3136268,1930
3136327,1925
3136362,1930
3136609,1920
3136727,1923
3136999,1929
3137775,1935
3138390,1934
3138502,1920
3138594,1930
3139087,1986
3139528,1924
3141201,1920
3141702,1931
3142097,1931
3142576,1910
3142771,1920
3142804,1931
3142901,1920
3143263,1931
3143329,1909
3143500,1927
3143554,1923
3143585,1925
3143605,1931
3143964,1925
3143967,1931
3144053,1915
3144706,1913
3145079,1924
3145149,1925
3145223,1930
3145226,1930
3145261,1931
3145889,1926
3146368,1931
3146477,1937
3146529,1914
3146614,1931
3146886,1925
3147326,1931
3147412,1931
3147596,1925
3147696,1920
3147800,1957
3147887,1910
3148247,1920
3148285,1961
3149167,1929
3149253,1931
3149963,1979
3150400,1925
3150894,1927
3151308,1910
3151723,1931
3151762,1931
3152441,1920
3152535,1923
3153079,1924
3153088,1910
3153133,1929
3153313,1932
3153779,1926
3154020,1923
3154837,1927
3154995,1926
3155657,1905
3155701,1957
3155788,1931
3155914,1935
3156070,1954
3156510,1930
3158238,1931
3159120,1930
3160354,1920
3160815,1931
3161148,1931
3161149,1931
3161414,1931
3162202,1925
3162540,1931
3162736,1931
3162847,1920
3164524,1950
3165084,1929
3165280,1935
3165749,1919
3166401,1960
3166739,1929
3167365,1931
3168721,1923
3170454,1936
3171984,1931
3172554,1926
3174022,1935
3174209,1926
3174597,1929
3174721,1928
3175024,1925
3175321,1920
3175322,1920
3176296,1910
3177091,1931
3177557,1931
3178660,1965
3179140,1928
3179897,1915
3180792,1928
3180922,1926
3181052,1938
3181619,1925
3182104,1948
3182937,1925
3183130,1957
3183808,1950
3185128,1926
3185297,1936
3185411,1925
3185796,1960
3187600,1964
3187618,1960
3188619,1924
3189007,1905
3189069,1920
3189644,1930
3190537,1926
3190563,1931
3190729,1931
3192524,1931
3192590,1931
3193724,1935
3194512,1940
3195717,1945
3196549,1920
3196555,1930
3196580,1964
3196586,1964
3197060,1941
3198034,1925
3198210,1926
3198251,1910
3201096,1930
3202875,1950
3203615,1953
3203846,1930
3204986,1934
3205630,1960
3205710,1924
3206621,1963
3207304,1920
3207885,1955
3210236,1925
3210327,1931
3211156,1937
3214452,1935
3215132,1930
3215627,1965
3215663,1966
3215705,1966
3217369,1930
3219063,1960
3219270,1935
3219578,1931
3223881,1935
3224954,1965
3225177,1931
3225938,1965
3227240,1960
3232759,1925
3237617,1963
3244590,1931
3245026,1963
3245034,1928
3245059,1929
3245100,1929
3245103,1929
3245472,1936
3245726,1959
3245728,1951
3246448,1920
3246615,1935
3246959,1961
3246966,1920
3249507,1995
3249979,1920
3250408,1871
3250721,2001
3251103,1916
3253730,1925
3253928,1915
3254316,1925
3255179,1905
3255622,1879
3255661,2001
3255692,1900
3255745,1920
3256404,2010
3320627,1964
3320628,1964
3320700,1932
3320734,1962
3320752,1960
3320870,1965
3321378,1899
3321424,1931
3321532,1920
3321750,1930
3321780,1951
3321855,1901
3321857,1901
3321865,1965
3321866,1965
3321868,1965
3321869,1965
3321871,1965
3321875,1945
3321898,1930
3321939,1931
3321947,1931
3322353,1910
3322379,1944
3322381,1944
3322589,1875
3322706,1931
3322847,1930
3322901,1920
3323237,1992
3323704,1954
3324013,1966
3324014,1966
3324476,1944
3324833,1910
3324959,1902
3325209,1916
3325435,1899
3325441,1931
3325529,1931
3325911,1950
3325913,1950
3325915,1950
3325916,1950
3325935,1871
3326019,1967
3326025,1888
3326036,1904
3326055,1900
3326409,2009
3326585,1976
3326986,1920
3326988,1920
3326991,1920
3326992,1920
3327544,1950
3327785,1929
3327959,1920
3328059,1901
3328968,1950
3328971,1950
3328992,1950
3329412,
3329473,1905
3330726,1901
3331081,1963
3331082,1963
3331083,1963
3331084,1963
3331086,1963
3331087,1963
3331091,1963
3331092,1963
3331093,1963
3331094,1963
3331095,1963
3331096,1963
3331097,1963
3331098,1963
3331238,1920
3331429,1950
3331432,1950
3331442,1950
3331443,1950
3332290,1920
3332964,1992
3335019,1900
3335020,1900
3335686,1910
3335770,1920
3335820,1910
3335867,1908
3336055,1965
3336110,1931
3336213,1931
3336214,1931
3336323,1915
3336479,1920
3337028,1954
3337096,1950
3337264,1963
3337420,1921
3337512,1950
3337518,1950
3337523,1950
3337525,1950
3337527,1950
3337535,1950
3337538,1950
3337539,1950
3338043,1930
3338071,1920
3338082,1927
3338128,1982
3338902,1950
3339158,1965
3339280,1992
3339645,1871
3339646,1871
3340055,1986
3340305,2004
3340584,1899
3341205,1989
3341530,1883
3341583,1928
3341622,1924
3341944,1905
3341955,1905
3341956,1905
3341975,1963
3343133,1888
3343190,1992
3343491,1931
3343606,1975
3343740,1920
3343752,1950
3344590,1920
3345585,1930
3346319,1965
3347155,1938
3347499,2000
3348885,1920
3348886,1900
3378129,1924
3378303,2002
3380114,1931
3387621,2005
3387624,2004
3388012,1894
3388223,1927
3388734,1911
3388737,
3388830,1930
3389054,2006
3390199,2004
3391190,1899
3391564,1900
3391875,2005
3391887,1899
3391888,2003
3391889,2003
3391981,1983
3392184,1930
3392272,1910
3392438,
3392596,1930
3392981,1900
3393008,1928
3393304,1922
3393496,2004
3393904,2006
3394974,2009
3395107,2007
3395389,2006
3396500,2008
3396793,2007
3396802,2009
3396971,2005
3397046,
3397446,2008
3397513,2007
3397589,1931
3398020,1923
3398408,2016
3398446,2016
3398674,1888
3398676,1960
3398749,1996
3399397,2007
3399902,1900
3401308,1888
3403255,1920
3412807,1989
3424484,2010
3425452,2021
3426694,2022
3429021,2021
4000019,1996
4000087,1931
4000088,1931
4000106,1931
4000132,1931
4000177,1931
4000237,1931
4000254,1931
4000270,1900
4000300,1900
4000340,1901
4000351,1931
4000625,1931
4000697,1920
4001048,1942
4001244,1924
4001686,1926
4001749,1928
4001896,1931
4002042,1928
4002379,1937
4002383,1937
4002416,1920
4002514,1929
4002536,1928
4002626,1931
4002627,1931
4002997,1961
4003636,1931
4003766,1930
4003843,1931
4003952,1920
4004125,1923
4004451,1931
4004769,1931
4004923,1928
4005486,1935
4005634,2007
4005663,1930
4005723,1925
4006261,1927
4006322,1923
4006952,1929
4007267,1945
4007511,1925
4007625,1914
4007903,1928
4008037,1910
4008157,1920
4008327,1918
4008402,1928
4008438,1928
4008499,1926
4008907,1926
4008925,1937
4008963,1930
4009010,1926
4009047,1928
4009067,1928
4009178,1926
4009583,1928
4009807,1935
4009860,1921
4009903,1930
4009923,1930
4009960,1935
4010112,1923
4010160,1920
4010261,1929
4010262,1929
4010263,1929
4010264,1929
4010441,1921
4010442,1921
4010459,1921
4010922,1918
4010943,1918
4011023,1926
4011024,1926
4011034,1925
4011138,1910
4011345,1920
4011400,1920
4011587,1940
4012089,1929
4012144,1960
4012239,1929
4012319,1928
4012320,1928
4012488,1928
4012957,1928
4012965,1928
4012966,1928
4013040,1930
4013402,1940
4013462,1986
4013668,1931
4014655,1920
4014970,1922
4015465,1890
4016356,1930
4016472,1925
4016994,1928
4017251,1931
4017253,1925
4017441,1931
4017462,1924
4017510,1986
4017574,1913
4017650,1920
4017840,1926
4017841,1926
4017934,1924
4017969,1925
4018038,1920
4018292,1927
4018727,1925
4018777,1925
4018798,1927
4018928,1920
4018933,1920
4019304,1931
4019347,1930
4019472,1920
4019677,1930
4019800,1960
4019808,1931
4020426,1931
4020454,1890
4020531,1900
4021222,1930
4021763,1955
4024057,1960
4024602,1960
4025172,1941
4025454,1955
4027904,1925
4027991,1925
4027992,1925
4028265,1929
4028429,1924
4029131,1951
4029142,1922
4029570,1940
4029577,1922
4029650,1921
4029792,1962
4029907,1931
4030390,1966
4030420,1945
4030802,1931
4031400,1931
4032388,2004
4032987,1945
4033489,1930
4034646,1935
4035200,1929
4035531,1925
4035593,1947
4035594,1937
4035680,1928
4036044,1928
4036189,1927
4036338,1920
4036731,1926
4036956,1969
4037174,1920
4037276,1926
4039370,1936
4039509,2004
4041666,1921
4042045,1920
4044071,1931
4044758,1931
4044907,1950
4044944,1931
4046405,1931
4047077,1961
4047319,1962
4047524,1967
4047609,1901
4048834,1975
4050877,1946
4051254,1964
4051285,1943
4051288,1942
4051478,1949
4051945,1950
4052232,1949
4052349,1950
4052598,1951
4052804,1940
4053021,1930
4053887,1940
4055323,1920
4055341,1920
4055771,1935
4057228,1960
4058298,1945
4059182,1919
4060436,1931
4062726,1920
4065660,1901
4066375,1965
4069302,1930
4071109,1986
4071202,1960
4071230,1920
4075088,1941
4077444,1931
4077527,1920
4078317,1941
4078796,1932
4079392,2002
4079580,1941
4079585,1940
4079634,1973
4080123,1923
4080319,1901
4080522,1920
4080730,1965
4081215,1908
4081397,1920
4081467,1920
4081870,1930
4081908,1930
4081951,1930
4081960,1930
4081968,1930
4081969,1930
4082297,1915
4082370,1939
4082399,1930
4082522,1930
4082849,1930
4082905,1910
4083461,1910
4083872,1906
4084021,1911
4084034,1911
4084141,1931
4084142,1931
4084393,1908
4084785,1931
4084896,1931
4084996,1911
4085186,1909
4085187,1909
4085188,1909
4085321,1915
4085365,1931
4085771,1931
4086226,1931
4086823,1915
4086827,1915
4086861,1910
4087058,1915
4087508,1925
4087553,1931
4087618,1930
4087726,1930
4087774,1920
4088357,1931
4089301,1931
4090046,1920
4091589,1930
4091777,1970
4092001,1930
4095437,1910
4098207,1931
4099351,1920
4101806,1945
4104355,1958
4104376,1958
4112108,1974
4112124,1931
4112574,1967
4113236,1924
4113632,1920
4113956,1930
4113975,1955
4114214,1951
4114938,1930
4115054,1931
4115673,1926
4116379,1950
4116923,1963
4117200,1930
4119143,1929
4119429,1929
4120792,1926
4120793,1926
4121548,1926
4137622,1968
4138274,1960
4140188,1940
4146968,1965
4147689,2000
4148346,1962
4150931,1940
4182069,2016
4182366,1920
4183404,1930
4183720,1931
4187039,1920
4187429,1931
4188681,1920
4189004,1931
4189436,1950
4191643,1940
4192692,1931
4193189,1925
4194248,1910
4194289,1920
4194941,1930
4201753,1931
4201873,1931
4202750,1925
4206485,1960
4206529,1949
4206530,1949
4206805,1937
4207126,1920
4207692,1959
4207725,1940
4207805,1956
4208828,1936
4208882,1961
4208891,1962
4208925,1931
4209003,1930
4209026,1931
4209797,1931
4209841,1931
4210075,1965
4210100,1961
4210549,1931
4210863,1960
4216293,1899
4216523,1990
4217200,1935
4217650,2006
4220868,1950
4226226,1931
4226335,1931
4230811,1915
4236286,1920
4249028,1955
4250977,1925
4252273,1930
4256124,1935
4256349,1930
4259169,1920
4262511,1950
4263022,1925
4263211,1963
4264527,1940
4264792,1920
4265811,1920
4279989,1931
4285531,1945
4287027,1970
4289496,1925
4290329,1950
4301047,1931
4302478,1960
4303936,1929
4305375,1930
4306261,1929
4311407,1988
4311899,1923
4312034,1991
4312067,1989
4430291,1989
4430575,1917
4430590,1931
4430612,1917
4431149,1914
4431285,1924
4431300,1963
4431307,1925
4431576,1996
4431994,1938
4431999,1938
4432046,1964
4432149,1956
4432162,1924
4432202,1970
4433858,1960
4433860,1960
4434342,1930
4434521,1920
4434841,1966
4435864,1910
4435865,1910
4436090,1952
4436430,1960
4436448,1960
4436884,1927
4437318,1927
4440055,1931
4440056,1931
4440057,1931
4440058,1931
4440059,1931
4440060,1931
4440247,1952
4440249,1952
4440251,1952
4440253,1952
4440255,1952
4440393,1960
4440627,1981
4440806,1952
4440807,1952
4440809,1952
4440810,1952
4440813,1952
4442354,1923
4443078,1931
4443111,1930
4443411,1970
4443469,1957
4443483,1924
4443904,1951
4444609,1939
4445453,1935
4446657,1987
4447502,1930
4449464,1926
4449560,1925
4450697,1951
4450926,1985
4451270,1949
4453556,1925
4454736,1950
4457197,1980
4457492,1972
4457682,1931
4530512,1947
4530514,1947
4530527,1947
4530529,1947
4530771,2005
4530846,2003
4531168,2005
4531752,2005
4532013,2001
4535638,2000
4536431,2003
4540156,1909
4619113,2010
5000029,1931
5000062,1955
5000134,1925
5005162,1930
5008972,1967
5014045,1920
5015140,1940
5018153,1930
5024075,1931
5025287,1931
5025430,1899
5025804,1910
5033981,1970
5048016,1920
5051808,1945
5067489,1955
5082846,1965
5106235,1970
5110065,1984
5124642,1955
5146534,1997
